lon,lat,ortho_h,class_ph,confidence,x_atc,y_atc
18.048001996495625,-33.2282671897027,-1.757621,40,0.8156591057777405,36447393.54349557,8752.514
18.047998330743102,-33.22823533660334,-1.8322741,40,0.8156591057777405,36447397.093082584,8752.518
18.047995364968536,-33.22820985660255,-2.1018574,40,0.6329258680343628,36447399.932137646,8752.526
18.047995419125936,-33.2282098487186,-1.7614659,40,0.6209601759910583,36447399.93316952,8752.517
18.047954453988766,-33.227852860669024,-1.9947054,40,0.5348948240280151,36447439.71380257,8752.537
18.04795445022827,-33.22785286121643,-2.0183427,40,0.5348948240280151,36447439.71380352,8752.538
18.047942752355787,-33.22775079558208,-1.944417,40,0.7560774683952332,36447451.088004194,8752.541
18.047050008844618,-33.219785776211374,-0.7529622,40,0.37754955887794495,36448338.4729946,8750.943
18.047038932786364,-33.21968357371322,-0.78768367,40,0.5996182560920715,36448349.8560832,8750.889
18.047026456968815,-33.21956868301855,-0.8024976,40,0.6475130319595337,36448362.65173851,8750.828
18.047009127879534,-33.21940925075995,-0.59378654,40,0.45256108045578003,36448380.40971125,8750.744
18.046965816719894,-33.21901447484645,-0.8445051,40,0.49048787355422974,36448424.3826311,8750.582
18.046474892945625,-33.214523504350346,-0.78790647,40,0.7243377566337585,36448924.61184119,8748.532
18.04647221895254,-33.21449797988079,-0.597544,40,0.579056441783905,36448927.45372008,8748.508
18.046472205220116,-33.214497981878786,-0.6839026,40,0.6449978947639465,36448927.45372771,8748.511
18.045729542905118,-33.207723061876386,-10.785272,40,0.7341595888137817,36449682.0985156,8745.737
18.04572607723708,-33.207691015255435,-10.799354,40,0.714418888092041,36449685.66722116,8745.719
18.04572203892367,-33.207652544166734,-10.103717,40,0.6689748764038086,36449689.952418536,8745.678
18.045388826659774,-33.20448811933165,-1.7267439,40,0.4871862828731537,36450042.31133655,8742.955
18.045386744156783,-33.2044689472413,-1.8673859,40,0.5240501165390015,36450044.446881324,8742.946
18.045382648290406,-33.20443059436628,-1.7280769,40,0.5054813027381897,36450048.71935682,8742.918
18.045378499420522,-33.204392247885686,-1.937902,40,0.5700449347496033,36450052.989393756,8742.899
18.045375773576467,-33.204366678131514,-1.8338068,40,0.5700449347496033,36450055.83676486,8742.88
18.045373020302016,-33.204341114334525,-1.9089894,40,0.5700449347496033,36450058.68413071,8742.866
18.045362077360796,-33.2042388416567,-1.8009896,40,0.5339426398277283,36450070.07414903,8742.796
18.045361409783705,-33.204232447384854,-1.692326,40,0.5339426398277283,36450070.78598501,8742.789
18.04536003567624,-33.204219664609624,-1.7213922,40,0.5283088684082031,36450072.20965721,8742.781
18.045359333694076,-33.20421327543499,-1.8294957,40,0.5766751766204834,36450072.921493545,8742.78
18.04501959485707,-33.20102338334918,-9.095404,40,0.6358525156974792,36450428.14498013,8740.583
18.04500944209367,-33.20092159570288,-9.064366,40,0.62834233045578,36450439.47558908,8740.446
18.04499667906721,-33.200794341679874,-8.957384,40,0.5153055191040039,36450453.639473304,8740.28
18.044216909212277,-33.19353905407168,-4.307602,40,0.7111676931381226,36451261.655010864,8735.692
18.044209488041744,-33.19346994745204,-4.242169,40,0.8396079540252686,36451269.352100156,8735.648
18.04420673353157,-33.19344483117397,-4.5352497,40,0.8909464478492737,36451272.15026023,8735.642
18.04420333721397,-33.193413432283705,-4.580983,40,0.9417241811752319,36451275.6461251,8735.624
18.044189053964892,-33.19328157181524,-4.5863132,40,0.5451852083206177,36451290.33296926,8735.553
18.04412309662247,-33.192677240497616,-5.6360693,40,0.5504217147827148,36451357.64487096,8735.281
18.043937974465045,-33.19101569347826,-1.5809408,40,0.47965648770332336,36451542.749041826,8734.804
18.043936557838958,-33.191002868725946,-1.5769476,40,0.4809814393520355,36451544.17766121,8734.8
18.043934443670803,-33.1909836347003,-1.5231903,40,0.4809814393520355,36451546.319541246,8734.791
18.04393161587149,-33.190958000550694,-1.5459836,40,0.4809814393520355,36451549.17703971,8734.782
18.04393161187593,-33.1909580011323,-1.5711534,40,0.4809814393520355,36451549.17703995,8734.783
18.043930911639897,-33.19095159240953,-1.5409224,40,0.4809814393520355,36451549.8903074,8734.779
18.043930212389014,-33.19094518458889,-1.507407,40,0.4809814393520355,36451550.60461542,8734.776
18.043771081599356,-33.189422790035195,-3.0148165,40,0.8642175197601318,36451720.10995863,8733.427
18.04375707419571,-33.18928976755228,-2.9307137,40,0.8501172065734863,36451734.923002705,8733.316
18.043691903917615,-33.18872535247651,-4.0770497,40,0.5987081527709961,36451797.82025977,8733.396
18.043686704680763,-33.188680396839246,-3.9963017,40,0.5987083911895752,36451802.830063544,8733.401
18.043530315202897,-33.187223763039064,-3.701723,40,0.593998908996582,36451965.05252923,8732.474
18.043527770334585,-33.18719849273765,-3.6498055,40,0.539310097694397,36451967.86670221,8732.441
18.043522104875088,-33.18714160877047,-3.0736632,40,0.8590506315231323,36451974.19793112,8732.357
18.043496111327183,-33.186888527158736,-3.7337162,40,0.6843667030334473,36452002.37119503,8732.095
18.043483258068683,-33.1867621596059,-4.0861835,40,0.71126389503479,36452016.438619174,8731.953
18.043455597990864,-33.186506785800944,-2.1011655,40,0.6570178270339966,36452044.88123448,8731.789
18.043452669465125,-33.186481230520634,-2.687348,40,0.9479110240936279,36452047.73006471,8731.798
18.043444886893102,-33.186410885679194,-2.4085324,40,0.5587731599807739,36452055.566025324,8731.7705
18.043373273880096,-33.18577744491975,-3.60234,40,0.5018240809440613,36452126.141383186,8731.718
18.043353903523627,-33.185604982637436,-3.1107469,40,0.5018240809440613,36452145.35640341,8731.682
18.043350327906126,-33.18557307684857,-3.034858,40,0.6624264717102051,36452148.91221374,8731.675
18.043338707763752,-33.185470808654465,-2.3496768,40,0.7093684077262878,36452160.30690247,8731.661
18.043333781320932,-33.18542634308966,-2.8628244,40,0.8568267226219177,36452165.25948292,8731.653
18.04333309108601,-33.185419990811134,-2.85635,40,0.9019941687583923,36452165.96728474,8731.649
18.043328382273852,-33.185375520444495,-2.0734644,40,0.5319992899894714,36452170.921057954,8731.606
18.04331864457773,-33.18528669723157,-2.6956208,40,0.7215396761894226,36452180.813627735,8731.576
18.043313784231955,-33.185242314642984,-3.020712,40,0.7803031802177429,36452185.756778255,8731.561
18.04331299968214,-33.18523598898986,-3.6387262,40,0.5286877155303955,36452186.46148826,8731.574
18.043311160130973,-33.18521694007671,-2.2569923,40,0.8559857606887817,36452188.58315079,8731.526
18.04330845043597,-33.18519158415481,-2.042671,40,0.8819581270217896,36452191.407047436,8731.506
18.04330164102559,-33.185128225641165,-1.7615277,40,0.8636799454689026,36452198.46206276,8731.463
18.04329925460316,-33.18510927384347,-3.8483224,40,0.5257487893104553,36452200.57510464,8731.509
18.043298865180603,-33.185102898605024,-1.9855947,40,0.770889937877655,36452201.28281681,8731.455
18.043298553325183,-33.18510294349786,-3.950671,40,0.5257487893104553,36452201.28082077,8731.508
18.04329582377402,-33.18507761410721,-3.8851237,40,0.562247097492218,36452204.10053627,8731.492
18.04321996196808,-33.18438185405399,-2.1022558,40,0.8143400549888611,36452281.59745033,8731.138
18.04321787054111,-33.18436286693936,-1.9223174,40,0.5315036177635193,36452283.712411955,8731.128
18.043214273253934,-33.18433123057825,-2.2800183,40,0.5889413356781006,36452287.23668869,8731.131
18.043212142296678,-33.18431224060949,-2.2943397,40,0.8027824759483337,36452289.35405958,8731.128
18.043207963011284,-33.18427424254987,-1.742398,40,0.8852075338363647,36452293.5871079,8731.106
18.043207207881807,-33.18426791805251,-2.01234,40,0.9471336007118225,36452294.29175496,8731.112
18.043206488054256,-33.18426158666847,-2.056528,40,0.9463916420936584,36452294.99743819,8731.113
18.043205843816168,-33.184255244441474,-1.6222656,40,0.707659125328064,36452295.70311046,8731.101
18.043205119285886,-33.18424891351754,-1.6917034,40,0.86357182264328,36452296.408794165,8731.102
18.043204976898384,-33.18424893374093,-2.5887787,40,0.5607284903526306,36452296.40777755,8731.125
18.04319804905383,-33.18418556706313,-2.229371,40,0.7774290442466736,36452303.46456981,8731.093
18.043197323342813,-33.18417923044455,-2.1799188,40,0.7774290442466736,36452304.17129207,8731.092
18.043195674803755,-33.18416658424841,-3.31614,40,0.549173891544342,36452305.58168864,8731.125
18.043195089399322,-33.18416022598596,-2.37544,40,0.5676703453063965,36452306.28940463,8731.101
18.043191541820214,-33.18412851983577,-1.5501701,40,0.6731836795806885,36452309.82340466,8731.084
18.04319006713895,-33.184115842654585,-1.5555482,40,0.6709566712379456,36452311.23580777,8731.086
18.043189272013215,-33.1841095116019,-1.9191363,40,0.6911290884017944,36452311.94149434,8731.098
18.043187855670045,-33.18409682238214,-1.5434396,40,0.6772895455360413,36452313.35493409,8731.09
18.043184893318614,-33.18407145901045,-1.5858454,40,0.6772895455360413,36452316.181829326,8731.097
18.043177356211675,-33.18400803870186,-2.3847313,40,0.6205313801765442,36452323.250174396,8731.133
18.04317126945842,-33.18395727534746,-3.256168,40,0.6582103371620178,36452328.91055828,8731.171
18.043163330141223,-33.1838873635041,-1.5873168,40,0.5448585748672485,36452336.70015949,8731.146
18.04315784568995,-33.18384290629916,-3.1684752,40,0.5138300061225891,36452341.65671295,8731.203
18.043157117754966,-33.18383654485418,-3.0394607,40,0.5138300061225891,36452342.36552471,8731.202
18.043149878602982,-33.18377289693016,-1.4438694,40,0.501065194606781,36452349.45902511,8731.18
18.043138601210533,-33.18367738666163,-1.5521947,40,0.5442426204681396,36452360.10373541,8731.216
18.04312645451799,-33.18357539697458,-2.3223221,40,0.6094985008239746,36452371.47407478,8731.271
18.04312654250739,-33.18357538467467,-1.7681065,40,0.6312788724899292,36452371.47406763,8731.256
18.0431212886532,-33.18353071316393,-1.724499,40,0.6347517967224121,36452376.45349687,8731.27
18.043120481691876,-33.18352433704341,-2.0741713,40,0.6507946848869324,36452377.16441053,8731.281
18.043115996859928,-33.18348602093772,-1.9324284,40,0.6167926788330078,36452381.433999956,8731.29
18.043109931060325,-33.18343491630032,-2.3114796,40,0.6162325739860535,36452387.129615724,8731.315
18.043107710074864,-33.18341573650003,-2.1257489,40,0.5009344220161438,36452389.26951086,8731.316
18.04310468455014,-33.183390167242464,-2.294319,40,0.5014565587043762,36452392.11937749,8731.328
18.043101774358362,-33.18336457209857,-1.7485359,40,0.5245500802993774,36452394.97131621,8731.32
18.043101003653593,-33.18335817828131,-1.8862197,40,0.5421068072319031,36452395.68326651,8731.326
18.043098056680414,-33.183332579025056,-1.5911605,40,0.3931790292263031,36452398.53625285,8731.324
18.043086052297173,-33.18323013988087,-1.959265,40,0.5051924586296082,36452409.95435023,8731.357
18.043083812618008,-33.18321091907136,-1.9961817,40,0.5380875468254089,36452412.09644151,8731.362
18.04308305843615,-33.18320451226503,-2.059506,40,0.5051924586296082,36452412.81047273,8731.365
18.04308224851569,-33.183198112652626,-2.4751534,40,0.5113908648490906,36452413.523471594,8731.377
18.043082314428247,-33.18319810357029,-2.060084,40,0.5015121102333069,36452413.52450395,8731.366
18.043081479999152,-33.18319170712656,-2.6317358,40,0.5077117085456848,36452414.23750758,8731.383
18.043077152551287,-33.18315322784417,-1.8196082,40,0.5093585848808289,36452418.52480245,8731.366
18.043074935551452,-33.18313398861595,-1.7701303,40,0.5058258771896362,36452420.66897988,8731.368
18.043070461663238,-33.18309550713247,-1.9706756,40,0.5391719937324524,36452424.95631814,8731.378
18.043068270223436,-33.18307625554442,-1.809087,40,0.5178908109664917,36452427.10153794,8731.375
18.043065359947978,-33.18305058020281,-1.546969,40,0.3633365333080292,36452429.963667,8731.37
18.043062337904914,-33.18302491564385,-2.0204704,40,0.5273935198783875,36452432.82396134,8731.384
18.043060886631448,-33.183012072841805,-1.8927608,40,0.5273935198783875,36452434.25514611,8731.381
18.04305868400771,-33.182992810206635,-1.8789207,40,0.5265471935272217,36452436.40140542,8731.381
18.043046173102994,-33.18288376217606,-1.939723,40,0.5233587026596069,36452448.55428993,8731.387
18.043028214975095,-33.18272251479629,-2.5931184,40,0.5282071232795715,36452466.51537358,8731.353
18.043024592910623,-33.18269026834576,-3.0813684,40,0.5403088331222534,36452470.10927401,8731.353
18.043021959844612,-33.1826644353745,-1.8440963,40,0.5014145374298096,36452472.98513804,8731.309
18.043021108115813,-33.18265800386237,-2.758265,40,0.5083504915237427,36452473.70230255,8731.331
18.043020987815623,-33.18265802138023,-3.5164723,40,0.5403084754943848,36452473.701276876,8731.351
18.043018261185463,-33.18263220423354,-2.911165,40,0.5113908648490906,36452476.57610045,8731.323
18.04301346662666,-33.18258703531049,-2.0775106,40,0.5015121102333069,36452481.60544882,8731.279
18.04301276998491,-33.1825805844863,-2.0399756,40,0.5365280508995056,36452482.32467089,8731.275
18.04300645165975,-33.1825225534294,-2.1033962,40,0.5051924586296082,36452488.78939346,8731.247
18.043005085175313,-33.18250965434706,-1.9016867,40,0.8325283527374268,36452490.22575668,8731.235
18.043003665092115,-33.18249676490019,-2.0457892,40,0.5051924586296082,36452491.661080636,8731.232
18.042999535182616,-33.182458087265566,-1.7031281,40,0.6111321449279785,36452495.96806554,8731.201
18.042998165310838,-33.182445196523425,-1.5611295,40,0.5080134272575378,36452497.40337304,8731.19
18.042975911883914,-33.182239261885144,-2.3460624,40,0.5098915696144104,36452520.338331155,8731.083
18.042974560834757,-33.182226403717905,-2.1978235,40,0.8501881957054138,36452521.77049058,8731.07
18.042972473859514,-33.182207130802304,-2.3675637,40,0.8413369655609131,36452523.91666215,8731.062
18.042972593231983,-33.18220711342649,-1.6151825,40,0.6186554431915283,36452523.91766351,8731.041
18.04297111671124,-33.182194280977654,-2.2729135,40,0.8501881957054138,36452525.347776346,8731.05
18.04296832072043,-33.1821686007109,-2.6142,40,0.5555399060249329,36452528.209513746,8731.041
18.042958867861564,-33.18207876111186,-1.872147,40,0.515247642993927,36452538.211709045,8730.958
18.042958815350197,-33.18207876875505,-2.2031195,40,0.6701204776763916,36452538.21172049,8730.967
18.042955463079963,-33.182046713091516,-1.8432786,40,0.6761102080345154,36452541.78061964,8730.934
18.042954033385175,-33.18203390975904,-2.2673016,40,0.7497281432151794,36452543.20653536,8730.936
18.042952033154425,-33.182014688815336,-2.0007205,40,0.528754711151123,36452545.346403144,8730.915
18.04295131728894,-33.182008291026165,-2.2239475,40,0.7173655033111572,36452546.05936053,8730.916
18.042949962906953,-33.18199548502241,-2.1842973,40,0.7256949543952942,36452547.487127356,8730.905
18.042938456898266,-33.18188676793465,-1.958921,40,0.5104005932807922,36452559.59157712,8730.818
18.042937103302638,-33.18187399544728,-1.9490674,40,0.5104005932807922,36452561.014333315,8730.809
18.042933715403002,-33.18184207317692,-1.9562415,40,0.5069399476051331,36452564.56860978,8730.785
18.04292485940848,-33.181759179508525,-2.3449676,40,0.5991184711456299,36452573.80047233,8730.733
18.042873318651964,-33.18127859516373,-2.4868183,40,0.5146618485450745,36452627.32246764,8730.427
18.042865054826155,-33.18120313446287,-3.150777,40,0.5754117965698242,36452635.72648743,8730.401
18.042861089482628,-33.181165381598284,-2.4270115,40,0.7196456789970398,36452639.93000439,8730.361
18.04285974782749,-33.181152799810285,-2.3103957,40,0.6454571485519409,36452641.33082798,8730.351
18.042827695854093,-33.180856943892046,-2.6194088,40,0.7047286629676819,36452674.28374371,8730.194
18.04282565370867,-33.18083802870309,-2.5941734,40,0.7047308683395386,36452676.390152305,8730.184
18.042822346265382,-33.18080647941807,-1.9394665,40,0.529148280620575,36452679.902532905,8730.148
18.042821808156166,-33.18080014982808,-1.0299405,40,0.4565503001213074,36452680.60601553,8730.12
18.04282112783328,-33.180793840286526,-1.016433,40,0.49976807832717896,36452681.30849108,8730.116
18.042820978437533,-33.18079386152591,-1.9578099,40,0.5320468544960022,36452681.30749163,8730.142
18.042819743677303,-33.18078122176612,-1.1350412,40,0.36344602704048157,36452682.714490265,8730.112
18.042819759258947,-33.180781219496694,-1.03682,40,0.4880622625350952,36452682.71448454,8730.11
18.042819080718594,-33.18077490682666,-1.0101994,40,0.6391566395759583,36452683.41695914,8730.105
18.042818395774503,-33.18076859491339,-1.0238454,40,0.45409512519836426,36452684.12047514,8730.103
18.042817444804673,-33.18076232055783,-2.712925,40,0.7906051874160767,36452684.820958465,8730.145
18.042816964155225,-33.18075597803699,-1.4382381,40,0.3686579465866089,36452685.52544913,8730.106
18.04281612417749,-33.180749686698725,-2.4278605,40,0.6159061789512634,36452686.22798094,8730.13
18.04281536806326,-33.18074338245365,-2.887692,40,0.6159061789512634,36452686.93048605,8730.139
18.042814969843132,-33.18073702583431,-1.0919163,40,0.45176494121551514,36452687.63764485,8730.087
18.042814072035263,-33.180730740802865,-2.4446898,40,0.6467591524124146,36452688.33908623,8730.12
18.04281431195969,-33.1807307063791,-0.9326608,40,0.62496417760849,36452688.34116214,8730.079
18.04281334889714,-33.18072442966844,-2.695995,40,0.5795201659202576,36452689.042607956,8730.123
18.042812927049372,-33.1807180739734,-1.0469637,40,0.5064774751663208,36452689.748196654,8730.075
18.04281224618698,-33.180711755249966,-1.0308478,40,0.5041382908821106,36452690.4517129,8730.071
18.042810846789486,-33.18069912109642,-1.2339686,40,0.5918052196502686,36452691.85978752,8730.069
18.042809469759785,-33.18068648121378,-1.295171,40,0.6193642616271973,36452693.2668181,8730.064
18.042808192179304,-33.18067382334929,-0.72649294,40,0.37297093868255615,36452694.67591386,8730.042
18.04280748415828,-33.180667503359814,-0.87814665,40,0.350780189037323,36452695.38047033,8730.042
18.042806674981723,-33.18066119729175,-1.6669044,40,0.6043255925178528,36452696.08296304,8730.061
18.042806595072452,-33.18066120893071,-2.1706226,40,0.6621999144554138,36452696.08297735,8730.074
18.04280535594984,-33.18064853981251,-1.3557881,40,0.6343778967857361,36452697.49206071,8730.045
18.04280539798447,-33.18064853369,-1.090818,40,0.49382561445236206,36452697.49309354,8730.037
18.04280544703315,-33.18064852654585,-0.7816316,40,0.39117541909217834,36452697.49308305,8730.029
18.042804003211344,-33.180635883086524,-1.2543691,40,0.6343778967857361,36452698.90220266,8730.035
18.042802688557913,-33.18062321857485,-0.91204417,40,0.4738050103187561,36452700.31233125,8730.019
18.04280249349511,-33.18062324646787,-2.1413019,40,0.6349822878837585,36452700.310299926,8730.052
18.04280268178808,-33.18062321956092,-0.9547194,40,0.6554219126701355,36452700.31233411,8730.02
18.04280188544399,-33.18061690557976,-1.6585414,40,0.8930522799491882,36452701.015872054,8730.035
18.042801802863327,-33.180616917608305,-2.1791027,40,0.651599109172821,36452701.01485448,8730.05
18.042801205408924,-33.18061057435092,-1.6283176,40,0.9061683416366577,36452701.72042184,8730.031
18.042799741629945,-33.18059792693783,-2.2228818,40,0.685085117816925,36452703.12955194,8730.04
18.042799964076497,-33.1805978950555,-0.8210022,40,0.4430777132511139,36452703.13156419,8730.002
18.04279896149828,-33.180591607805205,-2.8219438,40,0.5983980894088745,36452703.834134154,8730.053
18.04279793880813,-33.18057888925188,-0.63132787,40,0.5774970650672913,36452705.248318724,8729.986
18.042797094263108,-33.18057257597377,-1.6340172,40,0.8367656469345093,36452705.95292383,8730.01
18.04279714000424,-33.18057256983026,-1.3460298,40,0.685005247592926,36452705.95290666,8730.002
18.042796572704628,-33.18056621632175,-0.60179174,40,0.572090208530426,36452706.659489684,8729.979
18.04279655858829,-33.18056621837799,-0.69077766,40,0.6386362910270691,36452706.659495406,8729.981
18.042794883169716,-33.18055358744521,-2.609452,40,0.6734672784805298,36452708.070522815,8730.025
18.042794512085404,-33.18054720328334,-0.62622344,40,0.5845964550971985,36452708.77922925,8729.969
18.042794375315637,-33.18054722268566,-1.4880233,40,0.9756850004196167,36452708.77819297,8729.992
18.042793794987933,-33.18054086813891,-0.823836,40,0.7243377566337585,36452709.4848201,8729.971
18.042791596557688,-33.18052186426056,-1.7093918,40,0.570138692855835,36452711.60159895,8729.983
18.042791772507748,-33.180521839150934,-0.6006063,40,0.579056441783905,36452711.60366461,8729.954
18.042791078741672,-33.18051549708537,-0.6486264,40,0.5916486382484436,36452712.31029293,8729.951
18.042791084583232,-33.180515496234484,-0.61180425,40,0.579056441783905,36452712.31029245,8729.95
18.042789341196077,-33.180502861216205,-2.948447,40,0.6220999360084534,36452713.71943161,8730.007
18.042789509865646,-33.180502836647506,-1.8852,40,0.6137266159057617,36452713.721491545,8729.978
18.042789016635147,-33.18049646320899,-0.66750425,40,0.6449978947639465,36452714.429133624,8729.941
18.042788121015523,-33.180490145963354,-1.9846702,40,0.5605356693267822,36452715.134752005,8729.974
18.042788299768464,-33.18049012044505,-0.85821164,40,0.6884735822677612,36452715.135765284,8729.943
18.042788035195283,-33.180490158464146,-2.525657,40,0.5163775086402893,36452715.1337249,8729.988
18.04278734978008,-33.18048381068728,-2.5171254,40,0.5127001404762268,36452715.840354174,8729.984
18.04278696939683,-33.18047741809778,-0.58606553,40,0.5123109221458435,36452716.55004904,8729.929
18.042786275223477,-33.180471069785824,-0.6320266,40,0.5597204566001892,36452717.257715434,8729.927
18.042785595979957,-33.18046471885848,-0.58288115,40,0.48690545558929443,36452717.964339465,8729.922
18.042785366650264,-33.18046475174432,-2.0281653,40,0.5260864496231079,36452717.96230623,8729.961
18.042785519257404,-33.180464730034195,-1.0665221,40,0.8938800096511841,36452717.96435472,8729.935
18.042784898352807,-33.18045836921936,-0.64924026,40,0.5668820738792419,36452718.67200491,8729.92
18.042784822493633,-33.18045838026933,-1.1274375,40,0.8021152019500732,36452718.670981616,8729.933
18.042784734382675,-33.18045839258469,-1.6825147,40,0.5453022718429565,36452718.66996023,8729.948
18.042784893047543,-33.18045836999212,-0.682683,40,0.6213964223861694,36452718.672006816,8729.921
18.042783432178506,-33.18044567751067,-1.2269218,40,0.797278106212616,36452720.08631632,8729.929
18.042782018320743,-33.180432973994265,-1.4710435,40,0.8550437688827515,36452721.50061342,8729.928
18.042782093417504,-33.1804329630552,-0.9976488,40,0.8938800096511841,36452721.5016329,8729.915
18.04278128447437,-33.180426624969826,-1.7621506,40,0.5589890480041504,36452722.20829126,8729.933
18.042780667538718,-33.180420258533864,-1.3153219,40,0.7504792809486389,36452722.91697428,8729.917
18.042780725778137,-33.18042025005034,-0.9481939,40,0.9355764985084534,36452722.91695711,8729.907
18.042780053356022,-33.18041389025104,-0.8506708,40,0.6736196875572205,36452723.62565538,8729.9
18.042780097934358,-33.18041388375747,-0.5696583,40,0.34300878643989563,36452723.62564203,8729.894
18.042779395476536,-33.18040752739742,-0.6607337,40,0.6191032528877258,36452724.33434793,8729.893
18.042778698193537,-33.18040116982699,-0.71876985,40,0.6943517327308655,36452725.04201242,8729.891
18.04277858749807,-33.18040118595167,-1.4165705,40,0.8515048027038574,36452725.041011065,8729.909
18.042777893932787,-33.18039542716533,-0.7359668,40,0.6984808444976807,36452725.68310472,8729.904
18.04277781670336,-33.180395438415985,-1.2228051,40,0.8379203081130981,36452725.68209192,8729.917
18.04277683639428,-33.1803890812519,-3.1078668,40,0.6580637097358704,36452726.391947955,8729.964
18.042777197998696,-33.180389029093455,-0.8287362,40,0.6736196875572205,36452726.39597437,8729.902
18.042776536158723,-33.18038262702553,-0.70713365,40,0.5881357789039612,36452727.10883066,8729.895
18.04277581275619,-33.180376231434586,-0.9711327,40,0.924246072769165,36452727.82277664,8729.896
18.04277449606282,-33.180363417633494,-0.67752314,40,0.524766206741333,36452729.249551855,8729.88
18.04277372644616,-33.18035702552188,-1.2303654,40,0.7827526926994324,36452729.96138247,8729.89
18.042773095208084,-33.1803506123265,-0.91068035,40,0.8059543371200562,36452730.67528685,8729.877
18.042772435038906,-33.18034420193506,-0.772221,40,0.6078231930732727,36452731.38919052,8729.868
18.04277092264608,-33.180331407308174,-1.7034657,40,0.6135504841804504,36452732.81493553,8729.885
18.042771093923946,-33.18033138287735,-0.6241195,40,0.45267927646636963,36452732.81595739,8729.855
18.042770332079304,-33.180324985047484,-1.1243532,40,0.7918177843093872,36452733.528829895,8729.864
18.042769644500698,-33.18031857550241,-1.1555396,40,0.8161950707435608,36452734.24273475,8729.86
18.042768963187108,-33.18031216414845,-1.1457626,40,0.7913138270378113,36452734.95663818,8729.855
18.042768347056533,-33.18030574290958,-0.72505593,40,0.5968948006629944,36452735.67156967,8729.84
18.04276756991821,-33.180299343764894,-1.3180583,40,0.784832775592804,36452736.384447895,8729.852
18.042767536855447,-33.180299348061766,-1.5261275,40,0.6128255724906921,36452736.38445362,8729.856
18.042766937835793,-33.180292922138456,-0.9953836,40,0.8245958089828491,36452737.09938034,8729.838
18.042765577438477,-33.18028009129833,-0.9538466,40,0.8087766766548157,36452738.52821907,8729.828
18.042764889403273,-33.18027367623993,-0.9815949,40,0.8289228677749634,36452739.24212059,8729.824
18.042764119720918,-33.18026727122791,-1.5218011,40,0.6114142537117004,36452739.95604118,8729.834
18.04276343738286,-33.18026085371106,-1.5116367,40,0.7555807828903198,36452740.6709803,8729.829
18.042762876402882,-33.18025441717865,-0.7350561,40,0.595463752746582,36452741.38588508,8729.804
18.042762187507662,-33.180247998467685,-0.76377827,40,0.610654354095459,36452742.100823246,8729.8
18.04276220136263,-33.18024799644958,-0.6764387,40,0.5274600386619568,36452742.100820385,8729.798
18.042757044382025,-33.180203092172874,-2.9556546,40,0.5390548706054688,36452747.104467236,8729.828
18.042756668854796,-33.180196622085354,-0.99963033,40,0.7477245330810547,36452747.823758215,8729.7705
18.042752560012122,-33.18015805644334,-0.9392797,40,0.7582480311393738,36452752.11858836,8729.742
18.042752443457065,-33.18015807290126,-1.6736751,40,0.6968957781791687,36452752.11755887,8729.763
18.0427511192251,-33.18014520572429,-1.3572673,40,0.6551112532615662,36452753.54950753,8729.745
18.042750336316878,-33.180138787225246,-1.957819,40,0.6962690949440002,36452754.26549569,8729.757
18.042748983564906,-33.18012591924759,-1.8126986,40,0.672051191329956,36452755.698485285,8729.744
18.04274699692924,-33.180106607362184,-1.3180003,40,0.6300138831138611,36452757.847433,8729.719
18.042745650295295,-33.18009373229005,-1.1212026,40,0.6650205254554749,36452759.281451136,8729.704
18.042745630633245,-33.18009373515379,-1.245151,40,0.6298802495002747,36452759.28145686,8729.708
18.04274359588178,-33.18007442079729,-1.0325234,40,0.7161659598350525,36452761.43143836,8729.689
18.042742848921346,-33.1800679913939,-1.3919601,40,0.6369677782058716,36452762.14846507,8729.695
18.042738761720866,-33.18002934629785,-1.0293216,40,0.7565299272537231,36452766.45153895,8729.66
18.04273455130126,-33.17999070141979,-1.3880937,40,0.685936689376831,36452770.75730651,8729.646
18.042732514026923,-33.17997136364584,-1.1181227,40,0.7020813822746277,36452772.91040986,8729.627
18.042731072243097,-33.179958481627594,-1.4570351,40,0.642629086971283,36452774.34443181,8729.628
18.042729095524106,-33.17993913112016,-0.7818676,40,0.5313804745674133,36452776.498553686,8729.599
18.04272825767672,-33.179932704965026,-1.6807121,40,0.5025292634963989,36452777.215585165,8729.619
18.042725571395614,-33.17990690277254,-1.0674635,40,0.7343142032623291,36452780.08878463,8729.588
18.04272404056433,-33.17989402638777,-1.9328779,40,0.7874248623847961,36452781.522826605,8729.604
18.042719934165852,-33.17985532215032,-1.4238539,40,0.6094385385513306,36452785.83313983,8729.568
18.042719175055232,-33.17984888089573,-1.8033735,40,0.7362927198410034,36452786.551203184,8729.575
18.042718976515264,-33.179848909805386,-3.0549717,40,0.6391222476959229,36452786.54919665,8729.609
18.04271860399851,-33.17984241352117,-0.99643695,40,0.7212803959846497,36452787.27210185,8729.55
18.042717889949163,-33.1798359658149,-1.0882037,40,0.6900585293769836,36452787.99014589,8729.549
18.04271572038256,-33.17981662610602,-1.5266155,40,0.6791470050811768,36452790.144278914,8729.551
18.04271505727985,-33.179810170292335,-1.2897654,40,0.6960793137550354,36452790.86335984,8729.541
18.042713724951792,-33.17979725913565,-0.8496956,40,0.7475829124450684,36452792.30047646,8729.522
18.04271287738062,-33.179790829747716,-1.7703793,40,0.7981504201889038,36452793.017492205,8729.544
18.04271292941583,-33.17979082268987,-1.4427036,40,0.7983732223510742,36452793.01852694,8729.535
18.042688933822447,-33.17957152224694,-1.1698475,40,0.7072345614433289,36452817.445255116,8729.436
18.04268892754077,-33.179571523161464,-1.2094476,40,0.6649306416511536,36452817.44525607,8729.437
18.042688217676407,-33.179565075119314,-1.1912488,40,0.6664168834686279,36452818.163288906,8729.434
18.042687505047013,-33.17955862819079,-1.1884522,40,0.6664168834686279,36452818.88132174,8729.432
18.04268753450425,-33.17955862390238,-1.0027521,40,0.6862541437149048,36452818.88131507,8729.427
18.042684652256728,-33.179532843751616,-1.1718082,40,0.6664168834686279,36452821.75345214,8729.423
18.042683711366735,-33.17952643080424,-2.5974264,40,0.7555602192878723,36452822.46946986,8729.459
18.0426832644106,-33.17951994776052,-0.9081769,40,0.5283535718917847,36452823.189503506,8729.412
18.042682502794698,-33.17951350980207,-1.1995168,40,0.6096494793891907,36452823.90650828,8729.418
18.04268256748212,-33.17951350038547,-0.79172087,40,0.514250636100769,36452823.90752871,8729.406
18.042681137578533,-33.17950061374503,-0.78161156,40,0.5157119631767273,36452825.34255107,8729.402
18.04267818681093,-33.17947485409323,-1.3067825,40,0.5261328816413879,36452828.2148108,8729.41
18.042677490849304,-33.17946840836279,-1.169163,40,0.6950578093528748,36452828.93284245,8729.404
18.042676679762334,-33.17946197972269,-1.7554319,40,0.7710392475128174,36452829.64879747,8729.419
18.04267529013213,-33.17944909174638,-1.4570695,40,0.8877972364425659,36452831.08485933,8729.407
18.042674624641993,-33.179442643555376,-1.1192684,40,0.6623452305793762,36452831.80288668,8729.396
18.04267382152614,-33.179436215794574,-1.6472123,40,0.751039445400238,36452832.51884432,8729.41
18.04267321874517,-33.17942975975932,-0.9104651,40,0.7443618774414062,36452833.23790331,8729.389
18.042671615155825,-33.17941690536744,-1.9385808,40,0.7560766935348511,36452834.67086573,8729.413
18.04267177427089,-33.17941688272483,-0.93585885,40,0.7365738153457642,36452834.67188282,8729.387
18.042669626337037,-33.1793975671633,-0.8396112,40,0.7266223430633545,36452836.82388945,8729.38
18.04266870299643,-33.17939115984608,-2.1107433,40,0.712489902973175,36452837.53883715,8729.413
18.0426674199285,-33.179378265129586,-1.093809,40,0.6431439518928528,36452838.97382517,8729.383
18.042666731198274,-33.179371825087905,-0.87968063,40,0.5753809809684753,36452839.690806106,8729.376
18.042665266263626,-33.179358959671674,-0.99695146,40,0.6680803298950195,36452841.12478991,8729.377
18.04266369151528,-33.17934611120958,-1.7972485,40,0.7495418190956116,36452842.55672522,8729.396
18.042663743817688,-33.17934610411609,-1.4678824,40,0.8680610656738281,36452842.557749465,8729.388
18.04266155178054,-33.17932681128789,-1.5811963,40,0.6759644746780396,36452844.70664759,8729.389
18.04266147982156,-33.179326821242185,-2.0344782,40,0.6200526356697083,36452844.70667048,8729.4
18.04266078843515,-33.17932038563463,-1.8204932,40,0.7462936043739319,36452845.42261286,8729.394
18.042657998897067,-33.17929465309908,-1.0955907,40,0.5735030770301819,36452848.29072371,8729.371
18.042655848599786,-33.17927536931395,-0.8978969,40,0.5605286359786987,36452850.43856576,8729.364
18.042655103915795,-33.17926894645115,-1.0039036,40,0.5554571151733398,36452851.15451434,8729.366
18.04265144454311,-33.17923682890707,-1.0974753,40,0.6667640805244446,36452854.733214885,8729.367
18.042646345458593,-33.17919188887532,-0.99488425,40,0.7410227656364441,36452859.739647895,8729.363
18.042645588752947,-33.17918547497434,-1.1502082,40,0.7194953560829163,36452860.45456126,8729.367
18.042643399682838,-33.179166227461316,-1.0948368,40,0.6624165177345276,36452862.59928706,8729.365
18.042639785140825,-33.17913415681225,-0.7506162,40,0.8108376860618591,36452866.171738654,8729.357
18.04263621109891,-33.17910173716972,-1.1568527,40,0.6360741853713989,36452869.78500348,8729.35
18.04263546246695,-33.17909535718838,-1.1646023,40,0.6746904850006104,36452870.495747626,8729.352
18.042627879824547,-33.17903160998898,-1.7500355,40,0.7058352828025818,36452877.60114938,8729.387
18.042627094372705,-33.179025242541535,-1.9703832,40,0.608234703540802,36452878.31086522,8729.3955
18.042617507426495,-33.178942448860106,-0.77418154,40,0.5261696577072144,36452887.53930108,8729.394
18.042612949114496,-33.17890429610608,-0.9915266,40,0.6646624207496643,36452891.79130702,8729.415
18.04260915464871,-33.178872521601654,-1.1186445,40,0.6305680274963379,36452895.33362107,8729.432
18.04260919842262,-33.17887251523125,-0.84269166,40,0.7339900732040405,36452895.33361344,8729.424
18.042609147127305,-33.17887252269626,-1.1660596,40,0.6305680274963379,36452895.33362202,8729.433
18.042609024596885,-33.17887254000882,-1.9381486,40,0.6490938663482666,36452895.33260159,8729.454
18.042605996650916,-33.17884713316795,-1.9765419,40,0.6259844303131104,36452898.1641808,8729.466
18.042605100655543,-33.17884080275737,-2.8597982,40,0.8180832266807556,36452898.870808646,8729.493
18.042604668044337,-33.17883440609513,-0.82167935,40,0.735145628452301,36452899.581488654,8729.44
18.042603912428987,-33.178828056580265,-0.81871283,40,0.735145628452301,36452900.28912453,8729.443
18.042601573420985,-33.17880902245789,-1.2603626,40,0.5405566096305847,36452902.41101365,8729.464
18.042600127289504,-33.178796319800995,-0.8378988,40,0.7597686648368835,36452903.82626824,8729.459
18.042593890051798,-33.178745600183596,-1.9819512,40,0.5066705942153931,36452909.4831755,8729.514
18.042588793584823,-33.17870120101779,-0.68876433,40,0.6357917785644531,36452914.43036531,8729.501
18.04257893254644,-33.17861887807941,-0.77323955,40,0.757871150970459,36452923.60681127,8729.545
18.04257286265447,-33.17856826039189,-0.84733796,40,0.7897654175758362,36452929.251081586,8729.572
18.04257264911573,-33.178568290950665,-2.1931398,40,0.6912139058113098,36452929.24900949,8729.608
18.042572130943782,-33.1785619314625,-0.68761957,40,0.7244822978973389,36452929.95663965,8729.571
18.042568898790073,-33.17853666487953,-1.9790709,40,0.5638118982315063,36452932.77474153,8729.619
18.042569074368064,-33.17853663932563,-0.8722261,40,0.5129401087760925,36452932.77576244,8729.589
18.042568302630734,-33.178530318543935,-0.96763587,40,0.6800587773323059,36452933.48028648,8729.595
18.042566044426955,-33.17851135104515,-0.8980738,40,0.7165490388870239,36452935.59489429,8729.603
18.042563587796103,-33.17849241579861,-2.0849023,40,0.6559382677078247,36452937.7064265,8729.645
18.042563027920433,-33.1784860677269,-0.8496579,40,0.7376198172569275,36452938.41299331,8729.614
18.04256278167036,-33.178486103048705,-2.401661,40,0.6527230739593506,36452938.4109658,8729.656
18.0425607466745,-33.1784671114791,-0.93937534,40,0.7153415679931641,36452940.526578784,8729.626
18.04256000819371,-33.17846079049513,-0.83286184,40,0.736415684223175,36452941.23110187,8729.627
18.04255981260058,-33.17846081844457,-2.0655246,40,0.6559417247772217,36452941.22907627,8729.66
18.04255753522944,-33.17844186729545,-2.1415842,40,0.6545689105987549,36452943.341635585,8729.671
18.04254719127947,-33.178353430302046,-0.8286147,40,0.7275499701499939,36452953.1993241,8729.679
18.042541208849425,-33.17830293026811,-0.633582,40,0.6107550263404846,36452958.828278035,8729.696
18.042537437426024,-33.178271381671216,-0.76232874,40,0.5942428708076477,36452962.3447108,8729.714
18.04252093479885,-33.17813260833245,-1.230463,40,0.5973827242851257,36452977.81369163,8729.78
18.042512131048337,-33.17805690655582,-0.615834,40,0.6453635692596436,36452986.25045635,8729.788
18.042511336832582,-33.17805060665408,-0.9588101,40,0.5937626957893372,36452986.952936664,8729.799
18.04251142327386,-33.178050594588406,-0.41424346,40,0.4803779721260071,36452986.95290233,8729.784
18.04250846995743,-33.17802536488224,-0.4011562,40,0.47543099522590637,36452989.76717544,8729.791
18.042504757509747,-33.17799383199504,-0.565248,40,0.4030839800834656,36452993.28153611,8729.804
18.042503957983854,-33.1779875332656,-0.9634118,40,0.592821478843689,36452993.98400117,8729.815
18.04249956414071,-33.17794968121304,-0.8593319,40,0.6888145208358765,36452998.20186997,8729.821
18.0424965953399,-33.17792445140672,-1.0845696,40,0.6756393909454346,36453001.01380063,8729.832
18.042494396126948,-33.17790552375724,-1.1044552,40,0.6691406965255737,36453003.12222577,8729.836
18.042491455837332,-33.177880286998594,-1.2137742,40,0.6101709008216858,36453005.93520451,8729.843
18.042481212739442,-33.17779197097484,-1.0555109,40,0.6782554388046265,36453015.77812381,8729.855
18.042479015115514,-33.177773020877375,-1.4211648,40,0.7112206220626831,36453017.88967605,8729.863
18.04247684323628,-33.17775406233233,-1.6439656,40,0.8400058150291443,36453020.00226684,8729.866
18.04247534713643,-33.17774143004042,-2.10749,40,0.5748433470726013,36453021.41032882,8729.877
18.04247460624902,-33.177735111766246,-2.2972927,40,0.5690775513648987,36453022.11384006,8729.881
18.042471199077486,-33.17770347724125,-1.4066751,40,0.9509822726249695,36453025.63754268,8729.852
18.042470578002757,-33.17769714111636,-0.8550688,40,0.6399897336959839,36453026.342052415,8729.836
18.04247057932214,-33.177697140924224,-0.84675044,40,0.6399897336959839,36453026.34205051,8729.835
18.042470368170857,-33.17769717167193,-2.1778405,40,0.5770095586776733,36453026.3400497,8729.871
18.04246766423776,-33.17767185418792,-1.3748288,40,0.9458059072494507,36453029.16142998,8729.845
18.042465444707513,-33.17765289216658,-2.0028212,40,0.5795224905014038,36453031.27505479,8729.856
18.042462563628977,-33.17762759267547,-2.3742738,40,0.5699347257614136,36453034.09322152,8729.86
18.04246042100608,-33.17760861370774,-2.5597727,40,0.5707932114601135,36453036.20788608,8729.86
18.042459166061036,-33.17759593456073,-1.5994854,40,0.834589958190918,36453037.61901603,8729.831
18.04245846552898,-33.177589605410134,-1.5832883,40,0.8442825078964233,36453038.324592926,8729.829
18.042456958896945,-33.177576960621025,-2.220635,40,0.5421447157859802,36453039.73369155,8729.843
18.042456379936024,-33.17757061430524,-1.4446564,40,0.846580445766449,36453040.43923793,8729.819
18.042455686050513,-33.17756428298225,-1.3940065,40,0.9366776943206787,36453041.14481292,8729.816
18.042450861350886,-33.17751994684633,-0.88071775,40,0.6413464546203613,36453046.082776405,8729.788
18.04245065120399,-33.17751997745004,-2.2054842,40,0.5314071178436279,36453046.08077178,8729.824
18.042449340132386,-33.17750729718878,-1.6488805,40,0.840047299861908,36453047.49421723,8729.805
18.04244811341028,-33.177494604398106,-0.5680204,40,0.655738353729248,36453048.90640469,8729.771
18.042447351096587,-33.17748827817788,-0.9687146,40,0.600060760974884,36453049.611981586,8729.779
18.042438997370507,-33.177412227620444,-0.89337504,40,0.619310736656189,36453058.08197041,8729.748
18.042429381526034,-33.17732341910564,-0.23260637,40,0.37811392545700073,36453067.97495348,8729.692
18.042428687731196,-33.17731707360705,-0.2382272,40,0.37811392545700073,36453068.68156148,8729.689
18.04241901094416,-33.17722819098304,-0.18851952,40,0.4199373424053192,36453078.580269344,8729.645
18.042414170915276,-33.177183719938284,-0.23474434,40,0.3668878376483917,36453083.5327201,8729.624
18.04241417434498,-33.17718371943875,-0.21312164,40,0.3668878376483917,36453083.53271819,8729.623
18.04240935118447,-33.177139228695836,-0.18595253,40,0.37260809540748596,36453088.49002232,8729.599
18.039193083124147,-33.15008778648527,-16.705343,40,0.5558233857154846,36456103.924843386,8741.652
18.038843458240596,-33.14728418199865,-1.6052914,40,0.5044217705726624,36456416.594514236,8744.217
18.038810639480072,-33.147023151672876,-1.5473647,40,0.6152144074440002,36456445.70890626,8744.497
18.038807433014043,-33.14699767225902,-1.5767984,40,0.6005811095237732,36456448.55056843,8744.525
18.038804228148884,-33.14697219115148,-1.5967517,40,0.6035535335540771,36456451.39224896,8744.553
18.03880103171583,-33.1469467069814,-1.5636358,40,0.5696213245391846,36456454.23394808,8744.579
18.03880022644207,-33.14694033837647,-1.5956242,40,0.5697711110115051,36456454.94489798,8744.587
18.038796212209384,-33.14690848284121,-1.6714048,40,0.49357736110687256,36456458.497580856,8744.623
18.038793787586766,-33.14688937039163,-1.8175957,40,0.5421831011772156,36456460.628376335,8744.647
18.038792970037438,-33.14688300022966,-1.924686,40,0.5629392862319946,36456461.339342445,8744.657
18.038792986552714,-33.14688299834383,-1.8210621,40,0.5382377505302429,36456461.33933863,8744.654
18.038793024317513,-33.14688299284414,-1.5833006,40,0.6005811095237732,36456461.33932623,8744.647
18.038784217874603,-33.146812894461746,-1.5875158,40,0.6886399984359741,36456469.15843584,8744.723
18.03878260879447,-33.146800149392845,-1.6372087,40,0.5723996758460999,36456470.58034994,8744.737
18.03878259330354,-33.146800151648804,-1.7347376,40,0.5723996758460999,36456470.58035089,8744.74
18.038781718358695,-33.146793789230074,-2.2027032,40,0.6259948015213013,36456471.29027654,8744.759
18.038781021901055,-33.14678740130835,-1.5471954,40,0.6006951332092285,36456472.00226642,8744.748
18.038780962629204,-33.14678740994007,-1.9203573,40,0.9033066034317017,36456472.00123121,8744.759
18.0387801901756,-33.14678103250433,-1.7429571,40,0.4912489354610443,36456472.71218921,8744.761
18.03878019982458,-33.14678103109914,-1.6822104,40,0.4912489354610443,36456472.712187305,8744.759
18.0387802073877,-33.14678102999773,-1.6345934,40,0.4912489354610443,36456472.71218635,8744.758
18.038779368259007,-33.1467746617259,-1.876417,40,0.9020130038261414,36456473.42315437,8744.7705
18.03877856677851,-33.14676828839546,-1.8815014,40,0.9020130038261414,36456474.13411857,8744.777
18.038778602235055,-33.14676828323198,-1.6582754,40,0.4912489354610443,36456474.13411285,8744.771
18.038777782021178,-33.14676191257301,-1.7812954,40,0.8856370449066162,36456474.84508182,8744.782
18.038777818999364,-33.146761907187944,-1.5484885,40,0.6006951332092285,36456474.84507419,8744.775
18.03877619988989,-33.1467491630812,-1.6602337,40,0.51756352186203,36456476.26596786,8744.792
18.038774602814467,-33.14673641507443,-1.6325762,40,0.5431655049324036,36456477.68790485,8744.805
18.038774551484444,-33.146736422030145,-1.9553827,40,0.9231795072555542,36456477.68791725,8744.813
18.0387737861494,-33.14673004412015,-1.7330498,40,0.5723996758460999,36456478.39887954,8744.814
18.038772976056205,-33.14672367361279,-1.7931696,40,0.9207996129989624,36456479.108812824,8744.823
18.038772984080445,-33.14672367244426,-1.7426522,40,0.5805546045303345,36456479.10880996,8744.821
18.038771363090827,-33.146710927546174,-1.8647043,40,0.9313620924949646,36456480.53076412,8744.839
18.03877138563124,-33.14671092426371,-1.7227983,40,0.5783361196517944,36456480.53075744,8744.835
18.038770598736978,-33.14670454831454,-1.6350323,40,0.5783361196517944,36456481.241729274,8744.839
18.03876898078184,-33.14669180273248,-1.7373012,40,0.5783361196517944,36456482.663690105,8744.855
18.038768155353434,-33.14668543228197,-1.8917835,40,0.931439995765686,36456483.37363769,8744.866
18.038768206745083,-33.14668542479812,-1.5682378,40,0.6858881115913391,36456483.37466194,8744.857
18.038764966490035,-33.14665993414326,-1.7984363,40,0.9196544885635376,36456486.21878274,8744.891
18.038764178002804,-33.14665355816264,-1.7198132,40,0.5783361196517944,36456486.92974974,8744.8955
18.038763378741944,-33.146647183725065,-1.7087986,40,0.5805546045303345,36456487.64071812,8744.902
18.038762532286015,-33.14664081561803,-1.9944296,40,0.930486261844635,36456488.35169019,8744.917
18.03876176315931,-33.14663443775073,-1.7941616,40,0.8871196508407593,36456489.0626594,8744.918
18.038761801206217,-33.14663443221009,-1.55463,40,0.6042211055755615,36456489.062656775,8744.912
18.038760956123273,-33.14662806438273,-1.8317828,40,0.8856370449066162,36456489.77363171,8744.926
18.038760949734684,-33.1466280653131,-1.8720042,40,0.9020130038261414,36456489.77363266,8744.927
18.03876094148837,-33.146628066514,-1.9239206,40,0.9020130038261414,36456489.77363314,8744.929
18.038760165265334,-33.1466216881566,-1.7669505,40,0.8856370449066162,36456490.48460354,8744.931
18.038760132386127,-33.14662169242537,-1.9735966,40,0.9020325541496277,36456490.484607354,8744.937
18.038760160573922,-33.146621688839794,-1.7964864,40,0.8856370449066162,36456490.48460449,8744.932
18.038759375839263,-33.146615312189766,-1.6933432,40,0.5146223902702332,36456491.1955768,8744.936
18.038758568729783,-33.146608938785114,-1.7310084,40,0.5146223902702332,36456491.906552926,8744.943
18.038758548975554,-33.14660894166182,-1.8553748,40,0.9096624851226807,36456491.905512944,8744.947
18.03875775563725,-33.146602566238556,-1.8061111,40,0.8857710361480713,36456492.61648907,8744.953
18.03875695952825,-33.14659619169197,-1.7745261,40,0.8857710361480713,36456493.32746567,8744.959
18.038756957191517,-33.14659619203227,-1.789238,40,0.8857710361480713,36456493.32746662,8744.959
18.038756186132463,-33.14658981334564,-1.5994227,40,0.6042211055755615,36456494.038439885,8744.961
18.038756138809866,-33.146589820236926,-1.8973494,40,0.9033066034317017,36456494.038447514,8744.969
18.03875613457651,-33.146589820853414,-1.9240035,40,0.9033066034317017,36456494.03844847,8744.97
18.03875456858193,-33.146577066939656,-1.6943333,40,0.5783361196517944,36456495.46040358,8744.977
18.038754539769354,-33.146577071135425,-1.8757286,40,0.931439995765686,36456495.4604093,8744.981
18.0387537101714,-33.146570699955596,-2.0532827,40,0.902756929397583,36456496.17139925,8744.993
18.038752146836455,-33.1465579466437,-1.8066937,40,0.9085729718208313,36456497.59336008,8745.001
18.038752138811276,-33.14655794781233,-1.8572168,40,0.928274929523468,36456497.59232058,8745.002
18.038749761192353,-33.146538821110084,-1.6903874,40,0.5177987217903137,36456499.72527613,8745.018
18.038748153178155,-33.14652607383259,-1.7230928,40,0.5177987217903137,36456501.1472608,8745.032
18.038748141464275,-33.14652607553837,-1.796838,40,0.8899911642074585,36456501.14726366,8745.034
18.03874654730748,-33.14651332773889,-1.7428728,40,0.9085729718208313,36456502.56924929,8745.047
18.038743350751737,-33.146487830076275,-1.6821193,40,0.566008985042572,36456505.414042234,8745.072
18.03874091505148,-33.14646871182799,-1.87524,40,0.9296848773956299,36456507.54699156,8745.099
18.038740117803076,-33.14646233764062,-1.8475143,40,0.9296848773956299,36456508.256934375,8745.1045
18.038739232872796,-33.146455975248095,-2.3709788,40,0.8941490650177002,36456508.96792647,8745.126
18.038738525988137,-33.1464495879962,-1.7739993,40,0.91413414478302,36456509.6789076,8745.116
18.038738524156425,-33.14644958826294,-1.7855308,40,0.91413414478302,36456509.67890808,8745.116
18.038735316938773,-33.14642409328789,-1.7852652,40,0.9181868433952332,36456512.52182743,8745.145
18.03873287005082,-33.14640497713093,-2.0433874,40,0.9002683758735657,36456514.65481874,8745.172
18.038731291243614,-33.146392227274994,-1.8855653,40,0.923112154006958,36456516.07576868,8745.182
18.038731312308887,-33.1463922242075,-1.7529488,40,0.911115825176239,36456516.07680628,8745.178
18.03872969126851,-33.146379479687646,-1.859664,40,0.9020130038261414,36456517.49776861,8745.194
18.03872890049718,-33.146373105109724,-1.7887764,40,0.8857710361480713,36456518.2087681,8745.199
18.038728870381572,-33.146373109495066,-1.9783664,40,0.9020325541496277,36456518.208774775,8745.205
18.038728085068485,-33.14636673369161,-1.8726385,40,0.9020130038261414,36456518.91873285,8745.209
18.03872808017141,-33.14636673440472,-1.9034696,40,0.9020130038261414,36456518.91873285,8745.21
18.038728062452964,-33.14636673698481,-2.0150151,40,0.8584263324737549,36456518.91873953,8745.213
18.038727270005353,-33.146360362273036,-1.9539597,40,0.9020325541496277,36456519.62974092,8745.218
18.038725676100135,-33.14634761432878,-1.8880558,40,0.9020325541496277,36456521.0517523,8745.23
18.038724892783215,-33.14634123797532,-1.7686965,40,0.8857710361480713,36456521.7627556,8745.233
18.038724878374627,-33.14634124007342,-1.8594041,40,0.9020325541496277,36456521.762761325,8745.236
18.038724087221922,-33.14633486588725,-1.7898895,40,0.8856370449066162,36456522.47272417,8745.241
18.0387240451167,-33.14633487201839,-2.054959,40,0.8584263324737549,36456522.47273943,8745.248
18.038723288502062,-33.146328492381116,-1.7674638,40,0.8856370449066162,36456523.18373415,8745.248
18.038722477387346,-33.146322120743925,-1.8229657,40,0.9093413949012756,36456523.89474985,8745.256
18.038720050483086,-33.146303005704624,-1.9480438,40,0.931439995765686,36456526.02813506,8745.28
18.038719260509485,-33.146296631257705,-1.8697761,40,0.9320307970046997,36456526.739133716,8745.285
18.038718428184552,-33.146290264982134,-2.0594013,40,0.9013126492500305,36456527.44909239,8745.297
18.038717630717375,-33.14628389176934,-2.0279067,40,0.9013126492500305,36456528.160093546,8745.304
18.03871763420779,-33.14628389126108,-2.0059328,40,0.9013126492500305,36456528.160093546,8745.303
18.038713633810232,-33.146252028243836,-1.9283367,40,0.931439995765686,36456531.71303153,8745.336
18.038712819880587,-33.146245657896074,-1.9994953,40,0.9002683758735657,36456532.42404199,8745.345
18.03871283150211,-33.146245656203796,-1.9263315,40,0.9320307970046997,36456532.424040556,8745.343
18.038710426784313,-33.14622654075185,-1.9058988,40,0.9295649528503418,36456534.556030035,8745.363
18.03871039658695,-33.14622654462971,-2.095651,40,0.8967634439468384,36456534.55603576,8745.368
18.038710414267893,-33.14622654257441,-1.9846954,40,0.9295649528503418,36456534.55603194,8745.365
18.038710447776705,-33.14622653769506,-1.7737429,40,0.9181175827980042,36456534.55602622,8745.359
18.03870962876899,-33.14622016842848,-1.8762312,40,0.930486261844635,36456535.265999556,8745.369
18.03870481953409,-33.14618193948917,-1.8281872,40,0.9229482412338257,36456539.530017614,8745.41
18.03870402645844,-33.14617556758344,-1.76673,40,0.9144159555435181,36456540.23999572,8745.415
18.0387031454732,-33.14616920757522,-2.257869,40,0.8914631009101868,36456540.94999957,8745.436
18.038703172604073,-33.14616920414397,-2.0874224,40,0.8938145041465759,36456540.949992895,8745.431
18.038701604463704,-33.14615645724356,-1.8496376,40,0.9069792032241821,36456542.37203193,8745.438
18.03870078695858,-33.14615008881575,-1.9410157,40,0.9069792032241821,36456543.082021475,8745.448
18.03869995067292,-33.14614372319166,-2.1505566,40,0.8633579015731812,36456543.79202247,8745.461
18.03869914850173,-33.14613735274123,-2.1451216,40,0.8633579015731812,36456544.50305152,8745.468
18.03869917078997,-33.146137350015145,-2.0051618,40,0.86531662940979,36456544.50304389,8745.464
18.038695942666273,-33.1461118720617,-2.104453,40,0.894446849822998,36456547.34597645,8745.495
18.03869589501575,-33.14611187848091,-2.4040756,40,0.8924435377120972,36456547.34597824,8745.503
18.0386951863479,-33.14610549548302,-1.8096927,40,0.9144159555435181,36456548.056991555,8745.494
18.038695154903973,-33.14610550006163,-2.0076437,40,0.9019579887390137,36456548.05699346,8745.499
18.038691957836324,-33.14608002232772,-1.9108325,40,0.9263398051261902,36456550.89794467,8745.524
18.038690359711648,-33.14606728289872,-1.8581467,40,0.9263398051261902,36456552.31894896,8745.537
18.03869035985432,-33.1460672828779,-1.8572468,40,0.9263398051261902,36456552.31894896,8745.537
18.038689530189412,-33.146060917800334,-2.023385,40,0.8945068120956421,36456553.028936125,8745.549
18.038687942510393,-33.14604817806341,-1.9046814,40,0.9171885251998901,36456554.44994519,8745.561
18.038687132621142,-33.14604180999307,-1.9456216,40,0.9340837001800537,36456555.15993474,8745.568
18.038687151970866,-33.14604180717558,-1.82381,40,0.9218321442604065,36456555.15992997,8745.565
18.038685614677824,-33.14602905827872,-1.8873091,40,0.9346954822540283,36456556.58094285,8745.573
18.038685592010992,-33.14602906157917,-2.0299997,40,0.904081404209137,36456556.58094857,8745.577
18.03868396741442,-33.146016328762094,-2.0750685,40,0.9019579887390137,36456558.00093148,8745.594
18.038680699558633,-33.14599086641526,-2.2809057,40,0.901918351650238,36456560.84092782,8745.63
18.038680735085194,-33.145990861761625,-2.057613,40,0.904081404209137,36456560.84091733,8745.624
18.03867910798513,-33.145978130414385,-2.1170983,40,0.9032007455825806,36456562.260920264,8745.641
18.0386783489723,-33.145971756521405,-1.8031065,40,0.9219369888305664,36456562.97194741,8745.64
18.0386782921019,-33.1459717648021,-2.1611173,40,0.8997377753257751,36456562.97092316,8745.649
18.038677459332845,-33.145965401749415,-2.3113973,40,0.8921042680740356,36456563.68093941,8745.661
18.03867751966856,-33.145965393483465,-1.9319274,40,0.9261029362678528,36456563.681959845,8745.65
18.038675102036656,-33.14594629538752,-1.8762572,40,0.9057493805885315,36456565.81349498,8745.672
18.03867429414828,-33.14593992979132,-1.8702455,40,0.9056421518325806,36456566.52348319,8745.68
18.03867344059578,-33.14593357098658,-2.1517172,40,0.8616158366203308,36456567.233474284,8745.695
18.038672618100264,-33.14592720728404,-2.2373862,40,0.8724042177200317,36456567.9434661,8745.705
18.03867183804403,-33.14592083906743,-2.0569851,40,0.8635162711143494,36456568.653457075,8745.708
18.03867104839158,-33.145914470908004,-1.9359365,40,0.9057296514511108,36456569.363449246,8745.712
18.038670962076754,-33.14591448295682,-2.4789522,40,0.8819052577018738,36456569.362413555,8745.727
18.038671012851985,-33.14591447608284,-2.159663,40,0.8616117238998413,36456569.36240974,8745.718
18.038670230738255,-33.145908107454716,-1.9915979,40,0.9057296514511108,36456570.07344499,8745.721
18.03866942965017,-33.14590174173666,-1.9430736,40,0.9057296514511108,36456570.78344026,8745.728
18.038668632099515,-33.14589537565099,-1.8723361,40,0.9057296514511108,36456571.49239364,8745.733
18.038667831098802,-33.14588901021635,-1.823411,40,0.8893974423408508,36456572.2023913,8745.739
18.038666116549496,-33.14587629614789,-2.4344287,40,0.9010055661201477,36456573.621365696,8745.771
18.03866530512236,-33.145869932682274,-2.4514732,40,0.901918351650238,36456574.33136955,8745.779
18.03866538449488,-33.14586992164441,-1.9521637,40,0.9346954822540283,36456574.33239761,8745.766
18.03865968087069,-33.145825386536565,-2.2257168,40,0.8890109658241272,36456579.29933944,8745.827
18.038655684341858,-33.145793569639395,-1.9394794,40,0.9236558079719543,36456582.84732643,8745.857
18.038654890583018,-33.14578720563437,-1.8478057,40,0.9191765189170837,36456583.55734077,8745.862
18.038652461810692,-33.14576812143635,-1.873364,40,0.9310370087623596,36456585.68740312,8745.886
18.038650039012108,-33.145749037904125,-1.8639932,40,0.9349044561386108,36456587.81638054,8745.908
18.03864922573776,-33.14574267788171,-1.8972275,40,0.9349716901779175,36456588.52534775,8745.917
18.03864838874687,-33.14573632147783,-2.0800884,40,0.9063813090324402,36456589.23431782,8745.93
18.038647541886373,-33.14572996615751,-2.3250737,40,0.9044207334518433,36456589.94433359,8745.943
18.038647618886852,-33.14572995546512,-1.8407018,40,0.9349716901779175,36456589.94432644,8745.931
18.0386459847369,-33.145717238171244,-1.9578147,40,0.932422935962677,36456591.363313235,8745.949
18.038641066373668,-33.145679090668914,-2.417079,40,0.8826500177383423,36456595.61822895,8746.007
18.038639493704583,-33.14566636715775,-2.153566,40,0.8828054666519165,36456597.03722862,8746.015
18.038637902388086,-33.145653647007535,-2.0092525,40,0.8847861289978027,36456598.45519356,8746.026
18.0386354550161,-33.14563457855087,-2.177846,40,0.8998337388038635,36456600.582165755,8746.054
18.038634677818568,-33.14562821631947,-1.9914559,40,0.9349716901779175,36456601.29219154,8746.056
18.038632246788435,-33.14560914465797,-2.0609145,40,0.9032007455825806,36456603.41917614,8746.08
18.038631491429967,-33.145602779938784,-1.7391291,40,0.9229482412338257,36456604.12815479,8746.079
18.03863064146516,-33.145596429650425,-2.013784,40,0.901944637298584,36456604.83716778,8746.094
18.03862984570201,-33.145590071090076,-1.9473925,40,0.8833863139152527,36456605.5477519,8746.1
18.03862986291395,-33.14559006858391,-1.8390415,40,0.8973643779754639,36456605.54879446,8746.097
18.038629855614822,-33.145590069646694,-1.8849909,40,0.8833863139152527,36456605.54775186,8746.098
18.03862822106839,-33.145577359455444,-2.024773,40,0.8947761654853821,36456606.96571362,8746.116
18.038628239515894,-33.14557735676939,-1.9086453,40,0.9263398051261902,36456606.965712905,8746.113
18.038627409675488,-33.14557100376523,-2.0585177,40,0.8635916709899902,36456607.674696326,8746.125
18.038627433428235,-33.1455710003067,-1.9089942,40,0.9057296514511108,36456607.67469537,8746.121
18.038626626494146,-33.145564644624166,-1.9156362,40,0.9057493805885315,36456608.38367903,8746.129
18.038625833328794,-33.14555828662926,-1.8358235,40,0.8895325660705566,36456609.09266317,8746.134
18.038624113697633,-33.14554559005369,-2.5167642,40,0.8819064497947693,36456610.509604335,8746.167
18.03862420252086,-33.145545577639936,-1.9579788,40,0.9057493805885315,36456610.51063812,8746.152
18.038624179567066,-33.145545580982095,-2.1024723,40,0.8636085987091064,36456610.510640025,8746.156
18.038624239712536,-33.14554557222466,-1.7238612,40,0.8895325660705566,36456610.5106343,8746.1455
18.038623361520745,-33.145539226652616,-2.1807432,40,0.8633579015731812,36456611.21858871,8746.166
18.03862259751906,-33.1455328655934,-1.9201732,40,0.9323204159736633,36456611.92861688,8746.166
18.038621819300506,-33.145526506297486,-1.7493792,40,0.9209387302398682,36456612.63760364,8746.169
18.038620992667425,-33.14552015422627,-1.8839991,40,0.9340837001800537,36456613.34555662,8746.18
18.0386193776771,-33.14550744503649,-1.914241,40,0.9332080483436584,36456614.76354635,8746.195
18.038618595321996,-33.14550108752654,-1.7725056,40,0.9143568873405457,36456615.47253835,8746.199
18.03861857534256,-33.14550109043563,-1.8982724,40,0.9261293411254883,36456615.47254217,8746.202
18.03861778417205,-33.14549473390247,-1.8123298,40,0.9144159555435181,36456616.180494666,8746.207
18.038616980284267,-33.14548837939608,-1.8071022,40,0.8657771348953247,36456616.889493346,8746.215
18.038616969849592,-33.1454883809154,-1.8727863,40,0.879645824432373,36456616.88949621,8746.217
18.03861456457881,-33.145469317036444,-1.8207781,40,0.8893974423408508,36456619.01545656,8746.237
18.038614571264322,-33.145469316063014,-1.7786942,40,0.8893974423408508,36456619.01545465,8746.236
18.03861373744068,-33.14546296709871,-1.9651138,40,0.9057493805885315,36456619.724467635,8746.248
18.038613707656587,-33.1454629714354,-2.1525981,40,0.8616158366203308,36456619.7234329,8746.253
18.0386129634983,-33.14545660910887,-1.7749742,40,0.8895325660705566,36456620.43242109,8746.251
18.038612152247605,-33.14545025672635,-1.8204188,40,0.8893974423408508,36456621.14143026,8746.259
18.038612117935617,-33.14545026172232,-2.0364041,40,0.8635916709899902,36456621.14144075,8746.265
18.038611336778075,-33.145443905132616,-1.8931305,40,0.9069792032241821,36456621.849399924,8746.269
18.03861132759592,-33.14544390646957,-1.9509299,40,0.9069792032241821,36456621.84940183,8746.27
18.038609729738862,-33.14543120140057,-1.8923192,40,0.9261293411254883,36456623.26637876,8746.283
18.03860974268817,-33.145431199515116,-1.8108072,40,0.9143568873405457,36456623.26637304,8746.28
18.03860891666447,-33.14542484998206,-1.952227,40,0.9331929683685303,36456623.97539365,8746.292
18.038604906585345,-33.145393087381876,-1.9155467,40,0.9341266751289368,36456627.51944844,8746.327
18.038604934566234,-33.14539308330772,-1.7394131,40,0.923529326915741,36456627.51944701,8746.322
18.038603297648027,-33.14538038429872,-1.937362,40,0.9340837001800537,36456628.936407484,8746.342
18.03860246219362,-33.14537403801033,-2.1449466,40,0.901918351650238,36456629.64437071,8746.3545
18.038602474360857,-33.145374036238735,-2.0683565,40,0.904081404209137,36456629.64436928,8746.353
18.038601719284028,-33.145367677937564,-1.770432,40,0.9141737222671509,36456630.353368916,8746.352
18.0386008956307,-33.14536132979373,-1.9050192,40,0.9323204159736633,36456631.061333336,8746.362
18.03860009603025,-33.14535497831906,-1.8889966,40,0.9263398051261902,36456631.769296326,8746.369
18.038600100359155,-33.14535497768879,-1.8617482,40,0.9263398051261902,36456631.76929585,8746.369
18.03859852589599,-33.14534227213497,-1.6770046,40,0.5427718162536621,36456633.18626467,8746.378
18.038597727607044,-33.14533592050133,-1.654917,40,0.5424965023994446,36456633.894230045,8746.385
18.038596911065458,-33.14532957217831,-1.7490164,40,0.9143568873405457,36456634.60324494,8746.395
18.038596931557937,-33.145329569194516,-1.6200209,40,0.6550910472869873,36456634.60324017,8746.391
18.038594470172697,-33.14531052695693,-1.9815676,40,0.9057296514511108,36456636.727164425,8746.422
18.038593701130353,-33.14530417287794,-1.780582,40,0.8893974423408508,36456637.435130276,8746.424
18.03859370241611,-33.14530417269072,-1.7724881,40,0.8893974423408508,36456637.435130276,8746.423
18.03859290744674,-33.14529782207363,-1.7352253,40,0.8893974423408508,36456638.14414612,8746.43
18.0385920986046,-33.14529147364397,-1.7861465,40,0.8908374309539795,36456638.85212437,8746.4375
18.038590455487817,-33.14527878147318,-2.0512812,40,0.8947761654853821,36456640.26704899,8746.459
18.03858888369935,-33.14526607910094,-1.8706862,40,0.9340837001800537,36456641.684044994,8746.468
18.038587297506986,-33.14525337900759,-1.784159,40,0.923529326915741,36456643.10000721,8746.4795
18.038584875311667,-33.14523433755167,-1.9324125,40,0.9313948750495911,36456645.223977245,8746.505
18.03858408665225,-33.14522798776564,-1.8655668,40,0.9313948750495911,36456645.93365237,8746.51
18.03858331843442,-33.14522163523727,-1.6711159,40,0.5723996758460999,36456646.641622454,8746.512
18.03858169726033,-33.14520894541136,-1.8203899,40,0.9191495180130005,36456648.05756822,8746.529
18.03858170283463,-33.14520894459971,-1.7853036,40,0.9191495180130005,36456648.057567984,8746.528
18.038580907103647,-33.145202596559855,-1.766894,40,0.9201936721801758,36456648.7655417,8746.535
18.03857851971742,-33.14518355294431,-1.718512,40,0.9201936721801758,36456650.88947001,8746.554
18.03857531855702,-33.145158167403764,-1.7819712,40,0.9112977385520935,36456653.72035065,8746.583
18.03857446683755,-33.14515182877595,-2.123992,40,0.8544760942459106,36456654.42730084,8746.599
18.038574522331142,-33.14515182069566,-1.7746807,40,0.8871196508407593,36456654.42833462,8746.59
18.03857294031412,-33.14513912670241,-1.6977704,40,0.4912489354610443,36456655.843259245,8746.601
18.038571351254802,-33.145126433864085,-1.6689442,40,0.4912489354610443,36456657.25923386,8746.613
18.03857134158829,-33.14512643527163,-1.7297903,40,0.8856370449066162,36456657.25923577,8746.615
18.03857135115507,-33.145126433878616,-1.6695713,40,0.4912489354610443,36456657.25923386,8746.613
18.03856972841305,-33.145113747029356,-1.8571703,40,0.9020130038261414,36456658.67417851,8746.632
18.038568952626203,-33.14510739792604,-1.7279962,40,0.8856370449066162,36456659.38216534,8746.636
18.03856895815765,-33.14510739712061,-1.6931787,40,0.4912489354610443,36456659.382163435,8746.635
18.038568122931835,-33.14510105730203,-1.9395545,40,0.9020130038261414,36456660.08912602,8746.647
18.038568112120327,-33.14510105887628,-2.0076058,40,0.8584263324737549,36456660.08912888,8746.649
18.038567339256847,-33.14509471012405,-1.86241,40,0.9020325541496277,36456660.79711667,8746.652
18.038565767093424,-33.14508201739127,-1.7420402,40,0.8857710361480713,36456662.212061316,8746.662
18.03856417394062,-33.14506932781253,-1.7575256,40,0.8856370449066162,36456663.62701836,8746.676
18.038562595162805,-33.145056636232766,-1.6864069,40,0.5431655049324036,36456665.043014914,8746.6875
18.03856174635457,-33.145050299475294,-2.0265098,40,0.8903544545173645,36456665.751248576,8746.703
18.03856020108456,-33.14503760482406,-1.7515342,40,0.9191495180130005,36456667.16722081,8746.709
18.038558612524444,-33.14502491654767,-1.7528431,40,0.9191495180130005,36456668.582155086,8746.722
18.038557819179616,-33.14501857296004,-1.7496037,40,0.9113672375679016,36456669.289102174,8746.728
18.03855782725072,-33.145018571784824,-1.6988006,40,0.5431655049324036,36456669.2891017,8746.727
18.03855705144464,-33.145012225296696,-1.5857865,40,0.673183023929596,36456669.99709139,8746.7295
18.03855700811471,-33.14501223160594,-1.8585277,40,0.930486261844635,36456669.99709473,8746.737
18.038555460278307,-33.144999540408556,-1.613547,40,0.679568886756897,36456671.412033655,8746.743
18.038553051184866,-33.14498051491213,-1.8018904,40,0.9201936721801758,36456673.533938505,8746.768
18.03854990171555,-33.14495513913939,-1.6727297,40,0.5723996758460999,36456676.36280546,8746.79
18.038548300144203,-33.144942456634226,-1.7840073,40,0.9201936721801758,36456677.77777205,8746.806
18.03854749764451,-33.144936115575184,-1.8518898,40,0.9313948750495911,36456678.48473654,8746.813
18.03854673070269,-33.144929769459594,-1.6970236,40,0.5723996758460999,36456679.19169436,8746.815
18.038545932557163,-33.1449234284879,-1.739935,40,0.9191495180130005,36456679.89970217,8746.823
18.038545922080125,-33.144923430013506,-1.8058836,40,0.9191495180130005,36456679.89970503,8746.825
18.038543574926855,-33.14490439899959,-1.6421402,40,0.5723996758460999,36456682.021640874,8746.839
18.03854196177873,-33.14489171959953,-1.8430103,40,0.9320307970046997,36456683.43559084,8746.857
18.03854120886456,-33.14488537273708,-1.6076941,40,0.6762849688529968,36456684.142547704,8746.856
18.0385396111805,-33.14487269168276,-1.7175504,40,0.9201936721801758,36456685.55945238,8746.872
18.03853881654123,-33.14486635074569,-1.7476901,40,0.9201936721801758,36456686.26640957,8746.879
18.03853723992173,-33.14485366783011,-1.731762,40,0.9181175827980042,36456687.68032693,8746.891
18.038537219976067,-33.144853670734456,-1.8573099,40,0.9295649528503418,36456687.680327885,8746.895
18.03853724653747,-33.14485366686678,-1.6901203,40,0.5654771327972412,36456687.680326454,8746.89
18.0385340619426,-33.14482830541003,-1.8672867,40,0.9233580231666565,36456690.508175604,8746.919
18.038532505705305,-33.14481562075604,-1.7357191,40,0.8805371522903442,36456691.92314648,8746.927
18.038532529857534,-33.14481561723914,-1.5836948,40,0.5668179392814636,36456691.92314314,8746.923
18.038530141679754,-33.14479659810022,-1.7325323,40,0.8856370449066162,36456694.04404854,8746.945
18.03853015646572,-33.144796595947156,-1.6394633,40,0.4912489354610443,36456694.04404663,8746.942
18.038530155728093,-33.14479659605457,-1.6441052,40,0.4912489354610443,36456694.04404663,8746.942
18.0385293457656,-33.14479025903398,-1.7836027,40,0.8856370449066162,36456694.75102066,8746.952
18.038528566947612,-33.144783919013655,-1.7292869,40,0.8856370449066162,36456695.45798802,8746.957
18.038527759875848,-33.14477758127394,-1.852371,40,0.9020130038261414,36456696.16496395,8746.966
18.03852610177986,-33.14476483523548,-1.6681678,40,0.4949287176132202,36456697.58621716,8746.982
18.038525310459384,-33.14475849989435,-1.7397189,40,0.8871196508407593,36456698.293195955,8746.99
18.03852455305682,-33.144752160182335,-1.5991971,40,0.6042211055755615,36456699.00016426,8746.991
18.038523755907452,-33.14474582634223,-1.7098086,40,0.5431655049324036,36456699.706103556,8747.0
18.03852137370664,-33.14472682444341,-1.9900606,40,0.9034457206726074,36456701.82496857,8747.022
18.038521426916315,-33.14472681669513,-1.6551425,40,0.4956898093223572,36456701.82599472,8747.014
18.038519868186953,-33.1447141445406,-1.6616503,40,0.4912489354610443,36456703.23891472,8747.024
18.038519073896428,-33.14470781074216,-1.7602156,40,0.8856370449066162,36456703.94485878,8747.032
18.03851752726567,-33.14469513764573,-1.6965744,40,0.4949287176132202,36456705.359307766,8747.041
18.038514423815748,-33.14466979236976,-1.6432922,40,0.5431655049324036,36456708.18510898,8747.06
18.038513635629386,-33.1446634585823,-1.7101278,40,0.4912489354610443,36456708.89208373,8747.066
18.038512787332717,-33.1446571331183,-2.155887,40,0.85263592004776,36456709.596978985,8747.083
18.038512079081116,-33.14465078730838,-1.7209854,40,0.8856370449066162,36456710.304991566,8747.077
18.03851131865363,-33.144644449140856,-1.6153207,40,0.6006951332092285,36456711.01092323,8747.079
18.03851049558229,-33.14463812013661,-1.9046801,40,0.9020130038261414,36456711.716863476,8747.092
18.038509734989784,-33.14463178159432,-1.801287,40,0.8856370449066162,36456712.42383941,8747.094
18.03850820353111,-33.144619107554604,-1.6625006,40,0.5424965023994446,36456713.836752735,8747.1
18.038506646948917,-33.144606436821526,-1.6845686,40,0.5723996758460999,36456715.24967369,8747.11
18.038506634330748,-33.14460643865903,-1.7639906,40,0.9201936721801758,36456715.248632275,8747.112
18.038505086852094,-33.14459376718684,-1.7319213,40,0.9201936721801758,36456716.66155609,8747.122
18.038501923627642,-33.144568435865814,-2.1068401,40,0.8993557095527649,36456719.486389,8747.151
18.03850197586219,-33.144568428259205,-1.7780609,40,0.9201936721801758,36456719.487417065,8747.143
18.03850122590402,-33.144562088915166,-1.6158698,40,0.6762849688529968,36456720.19335636,8747.144
18.038500435083098,-33.1445557555297,-1.7114154,40,0.5723996758460999,36456720.899307095,8747.15
18.03849967984641,-33.14454941696962,-1.5836706,40,0.6762849688529968,36456721.60628971,8747.152
18.03849731816233,-33.14453041527736,-1.8079138,40,0.9201945066452026,36456723.72519573,8747.173
18.038496553735023,-33.14452407805563,-1.7402858,40,0.8784936666488647,36456724.4311417,8747.176
18.038495004877863,-33.1445114064285,-1.7323451,40,0.8784936666488647,36456725.84632618,8747.185
18.038493431622726,-33.14449873886409,-1.8804955,40,0.8934327363967896,36456727.25925005,8747.198
18.038492670133607,-33.14449240115646,-1.7967885,40,0.8794006705284119,36456727.965190776,8747.201
18.03849192707325,-33.14448606074712,-1.5976229,40,0.6152144074440002,36456728.672173865,8747.2
18.0384911210929,-33.14447972899856,-1.7945725,40,0.8784936666488647,36456729.37811936,8747.211
18.038488806598306,-33.14446072045516,-1.7381512,40,0.8784739375114441,36456731.49699486,8747.224
18.038488028822947,-33.14445438496862,-1.7595403,40,0.8788108229637146,36456732.20398415,8747.229
18.038482602476265,-33.14441003379764,-1.8053547,40,0.8649447560310364,36456737.148763545,8747.263
18.038481063966387,-33.144397359124994,-1.7456416,40,0.8650871515274048,36456738.5617112,8747.2705
18.038481050337193,-33.1443973611098,-1.8314259,40,0.8828461170196533,36456738.561715014,8747.273
18.03847951303722,-33.144384686516794,-1.7653677,40,0.8649447560310364,36456739.97466553,8747.281
18.038474874218508,-33.144346668002186,-1.7432077,40,0.8769569396972656,36456744.212507136,8747.309
18.038474071243236,-33.14434033519747,-1.9273511,40,0.8932378888130188,36456744.91952313,8747.318
18.038470980085258,-33.14431498504231,-1.9045024,40,0.8843395709991455,36456747.74735034,8747.336
18.038467878977354,-33.14428963597873,-1.9455678,40,0.8934898376464844,36456750.573252566,8747.355
18.038467131006065,-33.14428329486208,-1.7842231,40,0.8786876797676086,36456751.28024901,8747.356
18.038466354488058,-33.14427695732271,-1.8020668,40,0.8788108229637146,36456751.98724926,8747.361
18.038460184220742,-33.14422624710063,-1.6783123,40,0.5054813027381897,36456757.64014376,8747.3955
18.03845857075018,-33.144213579212305,-2.0925646,40,0.8478748798370361,36456759.05313433,8747.416
18.03845553181792,-33.14418821312155,-1.73386,40,0.8794006705284119,36456761.880118735,8747.425
18.038455537160974,-33.14418821234338,-1.7002296,40,0.5054813027381897,36456761.88011683,8747.424
18.03845242202635,-33.144162856216,-1.8177074,40,0.8788108229637146,36456764.70818079,8747.446
18.0384508847336,-33.14415017453705,-1.7470951,40,0.8695148229598999,36456766.12383404,8747.453
18.03844926739203,-33.1441375054606,-2.1800106,40,0.825391948223114,36456767.536803566,8747.475
18.038449285093296,-33.14413750288261,-2.0685973,40,0.8321813941001892,36456767.53680285,8747.472
18.038447005176042,-33.14411847447846,-1.7937716,40,0.8650871515274048,36456769.6578215,8747.479
18.038446241663937,-33.14411213172909,-1.7235225,40,0.8650871515274048,36456770.36482843,8747.48
18.038445402588763,-33.14410579934885,-2.1280804,40,0.8253961205482483,36456771.07080253,8747.497
18.03844386729683,-33.14409311427103,-2.0373182,40,0.8495509624481201,36456772.48482259,8747.504
18.038442368272637,-33.14408042374984,-1.7167449,40,0.5054813027381897,36456773.89988264,8747.505
18.038439254436273,-33.14405505710571,-1.7979548,40,0.8794712424278259,36456776.72794374,8747.525
18.038439272297556,-33.14405505450437,-1.685535,40,0.5068296790122986,36456776.727939926,8747.522
18.038439275760595,-33.14405505399999,-1.6637374,40,0.5068296790122986,36456776.72793897,8747.522
18.038431511204752,-33.14399162151718,-1.6993806,40,0.5026836395263672,36456783.80023893,8747.571
18.03843152303675,-33.14399161979392,-1.6249104,40,0.5026836395263672,36456783.800235115,8747.569
18.038430727101446,-33.14398527832769,-1.7475156,40,0.8784936666488647,36456784.50727018,8747.577
18.03843074470385,-33.14398527576401,-1.6367264,40,0.5031932592391968,36456784.50726446,8747.574
18.03842995386319,-33.143978933366206,-1.7265673,40,0.8800004720687866,36456785.215340935,8747.582
18.038429199152787,-33.143972584960835,-1.5877776,40,0.6039475202560425,36456785.924729876,8747.583
18.038428358010346,-33.143966249505404,-1.9927979,40,0.8412834405899048,36456786.631746285,8747.599
18.038427639673035,-33.1439598959702,-1.6241398,40,0.49357736110687256,36456787.33980297,8747.594
18.038426034910866,-33.14394721327261,-1.9428349,40,0.8843395709991455,36456788.75383996,8747.612
18.038424493523515,-33.14393452007049,-1.859274,40,0.8918262720108032,36456790.16892027,8747.619
18.038424475625643,-33.143934522677206,-1.9719242,40,0.8918262720108032,36456790.16892218,8747.623
18.038423726580323,-33.14392817310231,-1.7930083,40,0.8763664960861206,36456790.8759396,8747.623
18.03842368898003,-33.14392817857856,-2.0296638,40,0.8462640047073364,36456790.87594294,8747.629
18.03842220453048,-33.14391547779665,-1.5844171,40,0.6035535335540771,36456792.29206347,8747.627
18.03842142834724,-33.14390913108071,-1.5735027,40,0.6039475202560425,36456792.99908518,8747.632
18.038420626174677,-33.143902787944,-1.7253952,40,0.8784739375114441,36456793.70611166,8747.641
18.038417497217882,-33.143877401689714,-1.8224682,40,0.8784739375114441,36456796.53734755,8747.663
18.038417512694668,-33.14387739943557,-1.7250587,40,0.8784739375114441,36456796.53734373,8747.661
18.03841672542695,-33.14387105307479,-1.7787895,40,0.8754497766494751,36456797.24437594,8747.667
18.038416720627726,-33.14387105377377,-1.8089979,40,0.8754497766494751,36456797.24437689,8747.668
18.03841597444971,-33.14386470169475,-1.6035132,40,0.6039475202560425,36456797.952440016,8747.668
18.03841513089443,-33.14385836310217,-2.0097048,40,0.8495243787765503,36456798.65948748,8747.684
18.038412828967417,-33.1438393127039,-1.7829641,40,0.865315318107605,36456800.78370356,8747.692
18.038412862055274,-33.14383930788474,-1.5747113,40,0.5734143853187561,36456800.783694975,8747.6875
18.03841204745809,-33.1438329646824,-1.7952551,40,0.8649447560310364,36456801.49178099,8747.698
18.038412017514517,-33.143832969043565,-1.9837177,40,0.8828461170196533,36456801.49074911,8747.703
18.03841199473725,-33.14383297236102,-2.127078,40,0.8384796977043152,36456801.49075674,8747.707
18.038408141533044,-33.143801218110504,-1.8295959,40,0.8471294641494751,36456805.03114485,8747.725
18.03840735835889,-33.14379486891451,-1.8463066,40,0.8807946443557739,36456805.741263725,8747.73
18.03840732563002,-33.143794873681344,-2.0523016,40,0.838019847869873,36456805.74022124,8747.736
18.038406596556353,-33.14378851597153,-1.7272482,40,0.8754497766494751,36456806.44933257,8747.732
18.038405050679877,-33.14377581264324,-1.6261519,40,0.5054813027381897,36456807.86547265,8747.74
18.03840505437278,-33.143775812105375,-1.6029085,40,0.6152144074440002,36456807.86547265,8747.739
18.03840499732079,-33.14377582041483,-1.9619926,40,0.8934327363967896,36456807.86443267,8747.749
18.038398791654686,-33.14372500154742,-1.654932,40,0.5044217705726624,36456813.5311142,8747.783
18.0383980016446,-33.14371865015654,-1.7015961,40,0.5044217705726624,36456814.23919354,8747.79
18.038393279394572,-33.14368053662639,-1.8473271,40,0.5644969940185547,36456818.48873959,8747.826
18.03839250116387,-33.14367418136599,-1.8114518,40,0.5402666330337524,36456819.1968256,8747.83
18.038386248811555,-33.14362333923895,-1.6518873,40,0.5054813027381897,36456824.86572132,8747.87
18.038385408821313,-33.14361699119874,-1.9941864,40,0.8463566303253174,36456825.57656325,8747.885
18.038383816400476,-33.143604281287644,-2.1237066,40,0.8354531526565552,36456826.99377147,8747.899
18.03838228775485,-33.143591562070604,-1.8476328,40,0.851276695728302,36456828.41098038,8747.903
18.038379897946406,-33.14357249526278,-2.0333457,40,0.8342273235321045,36456830.53732721,8747.926
18.038379118960354,-33.143566136440924,-1.9817244,40,0.8843395709991455,36456831.24645797,8747.93
18.03837756597979,-33.14355341732951,-1.8431818,40,0.8801941871643066,36456832.66472045,8747.9375
18.03837677994575,-33.14354705831153,-1.8317016,40,0.8934898376464844,36456833.37385551,8747.943
18.038376027630736,-33.14354069461775,-1.6070771,40,0.5696213245391846,36456834.08298389,8747.942
18.038374418428116,-33.143527982201846,-1.8124249,40,0.8650871515274048,36456835.50126258,8747.96
18.038373604323247,-33.14352162676668,-1.9727931,40,0.8828461170196533,36456836.209363855,8747.97
18.038373607202164,-33.14352162634735,-1.9546721,40,0.5379897356033325,36456836.209363855,8747.97
18.038372873709488,-33.14351525892359,-1.6063304,40,0.5697711110115051,36456836.91953365,8747.966
18.038372053114138,-33.14350890442221,-1.8052969,40,0.8649447560310364,36456837.627638735,8747.978
18.03836979148719,-33.14348991678684,-1.631766,40,0.49711060523986816,36456839.744621195,8747.984
18.038367403365637,-33.14347081641261,-1.6437408,40,0.5054813027381897,36456841.87414733,8748.003
18.03836420071111,-33.14344534738002,-1.7565625,40,0.5468651056289673,36456844.71492759,8748.032
18.03836340794404,-33.14343897890595,-1.7321787,40,0.518846869468689,36456845.42645754,8748.038
18.038361813334184,-33.143426241740904,-1.7359366,40,0.52447909116745,36456846.84681849,8748.051
18.038359417329584,-33.14340713532781,-1.757948,40,0.8788108229637146,36456848.97841112,8748.071
18.038356203314585,-33.14338165862307,-1.8901746,40,0.8828252553939819,36456851.81916253,8748.102
18.038355423314336,-33.14337528607338,-1.7726057,40,0.8649447560310364,36456852.529350445,8748.1045
18.03835062058877,-33.14333706172878,-1.8114185,40,0.8649447560310364,36456856.79260413,8748.146
18.038349053110394,-33.14332431310039,-1.6036325,40,0.5732267498970032,36456858.21403758,8748.154
18.03834821578035,-33.14331794652961,-1.835366,40,0.8828252553939819,36456858.92424743,8748.167
18.03834737403645,-33.14331158088615,-2.0940814,40,0.7993735671043396,36456859.63446109,8748.181
18.03834745023578,-33.14331156978807,-1.6145065,40,0.5645657181739807,36456859.63548343,8748.168
18.03834500912255,-33.14329245798083,-1.8529366,40,0.8911058902740479,36456861.76715438,8748.195
18.038342639816666,-33.143273336416065,-1.630748,40,0.5054813027381897,36456863.89881103,8748.21
18.0383410295053,-33.143260590585726,-1.6692407,40,0.49711060523986816,36456865.322233856,8748.225
18.038337016568203,-33.143228721198014,-1.6649677,40,0.5026836395263672,36456868.8763491,8748.259
18.038329786281892,-33.14317134738012,-1.6332222,40,0.5054813027381897,36456875.275500186,8748.322
18.038328953675038,-33.14316497594682,-1.8084474,40,0.8784739375114441,36456875.985718615,8748.334
18.038325744454486,-33.14313947161541,-1.7368821,40,0.783348560333252,36456878.829707034,8748.36
18.03832495370836,-33.14313309338263,-1.6436807,40,0.5696213245391846,36456879.540964015,8748.365
18.038323312199488,-33.14312034574366,-1.8324635,40,0.832198977470398,36456880.96350182,8748.385
18.038322539526323,-33.14311396400185,-1.6222625,40,0.5697711110115051,36456881.6747588,8748.387
18.038322540317907,-33.143113963886556,-1.6172794,40,0.5697711110115051,36456881.6747588,8748.387
18.038321685002106,-33.14310759453827,-1.9266267,40,0.832198977470398,36456882.38499821,8748.402
18.03832006457247,-33.14309484233557,-1.9748287,40,0.8342273235321045,36456883.80754078,8748.418
18.038312844211408,-33.14303744422974,-1.6994152,40,0.6035535335540771,36456890.21036963,8748.477
18.038299876109456,-33.142935399559136,-1.875899,40,0.8431693315505981,36456901.59178786,8748.602
18.038299104320235,-33.14292901598901,-1.6375624,40,0.6039475202560425,36456902.30410437,8748.603
18.03829827164194,-33.14292264074727,-1.7813919,40,0.8286161422729492,36456903.01539855,8748.614
18.038295880340552,-33.14290349917321,-1.5373818,40,0.5054813027381897,36456905.14925246,8748.631
18.038294227525828,-33.14289074636491,-1.7404921,40,0.8334542512893677,36456906.57386414,8748.651
18.038291001609778,-33.14286522880746,-1.6382049,40,0.617865264415741,36456909.42000834,8748.679
18.038291011259638,-33.142865227402105,-1.5774726,40,0.5031932592391968,36456909.42000786,8748.678
18.038290135436927,-33.14285885851344,-1.9873066,40,0.8463566303253174,36456910.1312925,8748.696
18.038289392950176,-33.14285246969488,-1.557103,40,0.5054813027381897,36456910.84360901,8748.692
18.038287763151608,-33.14283971501105,-1.6080952,40,0.49711060523986816,36456912.266173996,8748.709
18.03828611708128,-33.14282696116247,-1.7583756,40,0.8144084811210632,36456913.68874613,8748.729
18.03828526945848,-33.14282058755195,-1.9873395,40,0.8321813941001892,36456914.39899794,8748.742
18.03828204673443,-33.142795068569306,-1.842878,40,0.844563901424408,36456917.24519888,8748.77
18.03828124949328,-33.14278868757958,-1.7525855,40,0.8295415043830872,36456917.957533516,8748.774
18.038279640340367,-33.142775927734846,-1.6630888,40,0.5732267498970032,36456919.380121864,8748.788
18.038278019563155,-33.142763170081345,-1.6456046,40,0.6073233485221863,36456920.80271784,8748.803
18.038276399756164,-33.14275041183542,-1.6201699,40,0.617138147354126,36456922.226363815,8748.817
18.03827638159761,-33.142750414479785,-1.734448,40,0.8329166173934937,36456922.226371445,8748.821
18.038275561852846,-33.14274403680851,-1.7831655,40,0.8351587057113647,36456922.937675156,8748.83
18.03827394342506,-33.14273127844692,-1.7470499,40,0.8263798356056213,36456924.3602883,8748.845
18.038264201356128,-33.142654735618464,-1.7065653,40,0.6152144074440002,36456932.899492964,8748.9375
18.038263407627,-33.14264835463228,-1.587816,40,0.49357736110687256,36456933.61079334,8748.942
18.038263406002567,-33.14264835486884,-1.598038,40,0.49357736110687256,36456933.61079334,8748.942
18.038260902829947,-33.14262923240203,-2.0104957,40,0.5358038544654846,36456935.74472545,8748.977
18.03826013794191,-33.14262284742834,-1.7096814,40,0.6035535335540771,36456936.45602439,8748.977
18.038258509313746,-33.14261009253839,-1.7302253,40,0.8174896836280823,36456937.878647074,8748.993
18.038255225124146,-33.14258458600086,-1.9386492,40,0.5050949454307556,36456940.72392009,8749.03
18.038253639154277,-33.14257182570576,-1.6899006,40,0.5696213245391846,36456942.14654659,8749.039
18.038251988861457,-33.1425590745967,-1.8454976,40,0.8321813941001892,36456943.56920169,8749.06
18.038237387707458,-33.14244429474064,-1.6739595,40,0.6152144074440002,36456956.37293077,8749.196
18.038236584894186,-33.14243791831728,-1.6134342,40,0.5054813027381897,36456957.08425642,8749.202
18.038236591848097,-33.142437917304676,-1.5696728,40,0.5054813027381897,36456957.08425451,8749.201
18.038234158885786,-33.14241879138343,-1.5429422,40,0.5054813027381897,36456959.21720243,8749.225
18.038231674384576,-33.14239967544941,-1.8438789,40,0.8495925068855286,36456961.35018087,8749.256
18.03822925558749,-33.14238054871437,-1.7318232,40,0.8145298957824707,36456963.48315359,8749.276
18.03822843801202,-33.1423741756912,-1.766721,40,0.8145298957824707,36456964.193454035,8749.285
18.038228458702886,-33.142374172678366,-1.6365142,40,0.5697711110115051,36456964.194489725,8749.282
18.03822763637827,-33.14236779999804,-1.7012686,40,0.5697711110115051,36456964.904793985,8749.291
18.03822277778717,-33.142329556276685,-1.622773,40,0.6005811095237732,36456969.17227672,8749.336
18.038221151067177,-33.142316810911396,-1.6450751,40,0.6005811095237732,36456970.59389947,8749.353
18.03821873037429,-33.14229769047156,-1.5589204,40,0.5031932592391968,36456972.726862654,8749.374
18.03821787549596,-33.14229132375179,-1.8326262,40,0.847797691822052,36456973.43716501,8749.389
18.03821545631784,-33.142272205389695,-1.7425338,40,0.8351587057113647,36456975.569102034,8749.409
18.038212231462897,-33.14224671524345,-1.6235644,40,0.617138147354126,36456978.412398085,8749.4375
18.038209811114438,-33.14222760097292,-1.5513514,40,0.5054813027381897,36456980.5433204,8749.459
18.03820815258491,-33.14221478306033,-1.9804193,40,0.8495925068855286,36456981.97334455,8749.482
18.038202511172003,-33.14217022925436,-1.709987,40,0.5697711110115051,36456986.944525756,8749.53
18.03820250364346,-33.14217023035059,-1.7573639,40,0.8145298957824707,36456986.94452611,8749.532
18.038200094269317,-33.142151136778345,-1.5973208,40,0.5198566317558289,36456989.07439343,8749.551
18.03819841530244,-33.14213841832691,-1.9509242,40,0.8844881057739258,36456990.49292723,8749.576
18.03819523405079,-33.1421129598307,-1.5558336,40,0.5696213245391846,36456993.33207957,8749.598
18.038194422453742,-33.14210659727953,-1.5607166,40,0.5697711110115051,36456994.041351,8749.605
18.038192750214783,-33.14209388028679,-1.8817513,40,0.8828252553939819,36456995.46095053,8749.63
18.038190365343052,-33.14207478989827,-1.5930743,40,0.6039475202560425,36456997.58981577,8749.6455
18.038190351704227,-33.14207479136487,-1.6785486,40,0.49357736110687256,36456997.588775314,8749.647
18.03818874446766,-33.1420620676768,-1.5987804,40,0.6039475202560425,36456999.00837771,8749.661
18.03818794259807,-33.142055706060454,-1.5493364,40,0.6039475202560425,36456999.71765772,8749.667
18.038187096607732,-33.14204935003782,-1.7775477,40,0.8784739375114441,36457000.42695204,8749.682
18.038185433141145,-33.14203663539511,-2.0577397,40,0.845029354095459,36457001.84554163,8749.704
18.038185481334047,-33.14203662837796,-1.7544773,40,0.8784739375114441,36457001.84552447,8749.696
18.03818467844442,-33.14203026663084,-1.7139058,40,0.5054813027381897,36457002.55585734,8749.703
18.038180637058897,-33.141998467202555,-1.6956165,40,0.5068807005882263,36457006.10393361,8749.741
18.038179042787085,-33.14198574621038,-1.5548384,40,0.607290506362915,36457007.52248577,8749.752
18.038176596553026,-33.14196667387512,-1.6954937,40,0.5026836395263672,36457009.65032581,8749.779
18.03817579199844,-33.14196031571547,-1.6762266,40,0.5031932592391968,36457010.359607734,8749.786
18.038174195412854,-33.14194759558709,-1.5599068,40,0.6152144074440002,36457011.77817396,8749.798
18.038170968018182,-33.14192216374697,-1.5551546,40,0.6035535335540771,36457014.614282645,8749.828
18.038170156529116,-33.14191580675295,-1.5854871,40,0.5696213245391846,36457015.3235741,8749.837
18.038170158422965,-33.141915806477186,-1.5735704,40,0.5696213245391846,36457015.3235741,8749.836
18.03817011116286,-33.141915812839244,-1.8706086,40,0.8828252553939819,36457015.32254032,8749.845
18.038169349179427,-33.14190944931965,-1.590758,40,0.5697711110115051,36457016.03182415,8749.845
18.038168539815683,-33.141903092343256,-1.6097548,40,0.5696213245391846,36457016.74111847,8749.853
18.038165277033624,-33.141877669222986,-1.8546587,40,0.8828461170196533,36457019.57727436,8749.889
18.038164519563274,-33.141871306015965,-1.5524765,40,0.5696213245391846,36457020.28656296,8749.888
18.038162911225083,-33.141858593123935,-1.5386616,40,0.514208197593689,36457021.70412449,8749.902
18.03815885916111,-33.14182681644399,-1.7175192,40,0.5031932592391968,36457025.25078477,8749.944
18.038158061388238,-33.141820460329576,-1.6774654,40,0.5026836395263672,36457025.959033124,8749.95
18.038157274614196,-33.14181410228552,-1.568849,40,0.62101811170578,36457026.66832542,8749.955
18.038155645700694,-33.141801394720794,-1.7032663,40,0.5026836395263672,36457028.08587205,8749.973
18.038155646394266,-33.14180139461982,-1.6989031,40,0.5026836395263672,36457028.08587205,8749.973
18.038154026805664,-33.141788686272335,-1.7791133,40,0.8794006705284119,36457029.50342404,8749.989
18.038152438782312,-33.14177597449119,-1.6654485,40,0.5054813027381897,36457030.92097794,8750.001
18.038152445726546,-33.141775973480065,-1.6217511,40,0.5054813027381897,36457030.920977466,8750.0
18.03815002561153,-33.141756914108,-1.7005213,40,0.5054813027381897,36457033.04575717,8750.023
18.038146841217433,-33.14173149429047,-1.5520118,40,0.6058369278907776,36457035.88089358,8750.048
18.038146037474654,-33.14172514081345,-1.5658076,40,0.5732267498970032,36457036.58915984,8750.055
18.03814282841609,-33.141699727963484,-1.5957406,40,0.6029964685440063,36457039.42328345,8750.084
18.038142032468212,-33.141693374065845,-1.5662612,40,0.6005811095237732,36457040.13259875,8750.09
18.038140424767573,-33.14168066899352,-1.6103109,40,0.6035535335540771,36457041.54915225,8750.105
18.038137171301898,-33.14165526553326,-1.9515691,40,0.8828461170196533,36457044.38228976,8750.143
18.038137141487905,-33.14165526987435,-2.1391687,40,0.8253961205482483,36457044.3822993,8750.147
18.038136432243633,-33.14164890483898,-1.5726733,40,0.5697711110115051,36457045.091590755,8750.139
18.038135630944407,-33.14164255275343,-1.586225,40,0.5696213245391846,36457045.801608466,8750.146
18.03813239903799,-33.14161714987647,-1.820544,40,0.8794006705284119,36457048.63572206,8750.18
18.038130032172628,-33.141598091334835,-1.6500416,40,0.5054813027381897,36457050.760533,8750.195
18.03812916111083,-33.14159175000822,-2.1117513,40,0.8403787016868591,36457051.4677731,8750.215
18.03812679620362,-33.14157269267981,-1.9432646,40,0.8940849304199219,36457053.59364142,8750.23
18.038126833658577,-33.1415726877454,-1.707937,40,0.5068807005882263,36457053.5936357,8750.225
18.03812602964218,-33.14156633768091,-1.7528982,40,0.8795325756072998,36457054.30191531,8750.232
18.038122065598632,-33.14153458345416,-1.6450156,40,0.5026836395263672,36457057.842276715,8750.263
18.038121269949695,-33.14152823290309,-1.6445006,40,0.5031932592391968,36457058.55056205,8750.269
18.03812041786297,-33.14152189016944,-1.9999534,40,0.8463566303253174,36457059.2588655,8750.285
18.038120476807148,-33.14152188210603,-1.6294088,40,0.5054813027381897,36457059.25884833,8750.275
18.03812045860322,-33.14152188475664,-1.7439542,40,0.8794006705284119,36457059.258854054,8750.278
18.038119669286676,-33.14151553303947,-1.7056677,40,0.49711060523986816,36457059.967139386,8750.283
18.038114094355304,-33.14147108582074,-1.7869016,40,0.8650871515274048,36457064.92415061,8750.331
18.038113274067065,-33.14146473941632,-1.9529134,40,0.8828461170196533,36457065.63374633,8750.342
18.038110866472593,-33.14144569439277,-2.1237655,40,0.825391948223114,36457067.757550605,8750.366
18.038110112352783,-33.14143933986024,-1.8789245,40,0.8932378888130188,36457068.4658326,8750.365
18.038109361026496,-33.14143298506496,-1.6176585,40,0.6035535335540771,36457069.17411459,8750.365
18.038106963796974,-33.1414139410914,-1.7416308,40,0.8649447560310364,36457071.29793347,8750.387
18.0381037880189,-33.14138854644809,-1.7931334,40,0.8666552901268005,36457074.13005436,8750.413
18.038099836271687,-33.14135680383427,-1.7711118,40,0.8649447560310364,36457077.66944588,8750.443
18.0380958748881,-33.141325066913396,-1.8393965,40,0.8911058902740479,36457081.208870776,8750.476
18.03809511651662,-33.14131871486652,-1.6431003,40,0.49711060523986816,36457081.91716469,8750.477
18.03809511221352,-33.141318715493085,-1.6701752,40,0.49711060523986816,36457081.91716469,8750.478
18.038093524222244,-33.14130602107585,-1.7283411,40,0.49711060523986816,36457083.33273781,8750.491
18.038091962668855,-33.14129332267741,-1.6242124,40,0.5054813027381897,36457084.74830712,8750.5
18.038091952388456,-33.141293324174356,-1.6888971,40,0.5054813027381897,36457084.74831093,8750.502
18.038088008496327,-33.14126158709725,-1.7002816,40,0.49711060523986816,36457088.28862769,8750.532
18.038087215250506,-33.14125524097896,-1.7342049,40,0.49357736110687256,36457088.996926375,8750.539
18.03808721185944,-33.14125524147272,-1.7555418,40,0.8769569396972656,36457088.996926375,8750.539
18.03808565484391,-33.14124254421921,-1.6401976,40,0.49711060523986816,36457090.4124809,8750.548
18.038083295496936,-33.141223501912435,-1.6245074,40,0.5054813027381897,36457092.53530032,8750.564
18.03806441549729,-33.141071193911145,-1.8482523,40,0.9313620924949646,36457109.52073737,8750.706
18.038063656624054,-33.14106484433031,-1.6936083,40,0.5783361196517944,36457110.2280037,8750.708
18.038061315580226,-33.141045805774304,-1.6402469,40,0.5805546045303345,36457112.35085984,8750.723
18.038058966234246,-33.14102676889589,-1.646082,40,0.5431655049324036,36457114.473726,8750.739
18.0380589499682,-33.141026771264485,-1.7484276,40,0.9113672375679016,36457114.47372886,8750.742
18.038057400761872,-33.14101407698122,-1.648337,40,0.5427718162536621,36457115.88932296,8750.75
18.038056607363103,-33.141007732889456,-1.7177958,40,0.5431655049324036,36457116.596602164,8750.757
18.038053478670882,-33.14098235093234,-1.720531,40,0.4912489354610443,36457119.426769935,8750.778
18.0380519105274,-33.1409696605358,-1.7496785,40,0.8857710361480713,36457120.841338836,8750.79
18.038048576120882,-33.14094435392863,-1.6816518,40,0.4913545250892639,36457123.66531154,8750.831
18.038047025779125,-33.14093165538352,-1.7926091,40,0.8857710361480713,36457125.08093997,8750.842
18.038047046292107,-33.140931652396425,-1.6635411,40,0.4913545250892639,36457125.08093234,8750.838
18.03804701046583,-33.14093165761342,-1.888958,40,0.9020325541496277,36457125.08094569,8750.844
18.03804627642556,-33.14092530281852,-1.6868783,40,0.4913545250892639,36457125.790453844,8750.843
18.038046255141065,-33.14092530591792,-1.8208015,40,0.8857710361480713,36457125.79045414,8750.846
18.038045447239575,-33.14091896098719,-2.083337,40,0.8584263324737549,36457126.497733526,8750.857
18.038044731909103,-33.14091260365298,-1.7646443,40,0.8871196508407593,36457127.20605426,8750.853
18.038043191353143,-33.14089990646994,-1.8213284,40,0.9191495180130005,36457128.62165766,8750.861
18.03804014067476,-33.14087450282833,-1.7441572,40,0.9201936721801758,36457131.453913026,8750.874
18.038039370246395,-33.14086815326203,-1.7746062,40,0.9207996129989624,36457132.161197476,8750.879
18.038037821985352,-33.14085545580241,-1.883296,40,0.9324443936347961,36457133.576811604,8750.89
18.038036321863807,-33.140842751001415,-1.6895821,40,0.5783361196517944,36457134.99346428,8750.892
18.03803631883569,-33.14084275144237,-1.708633,40,0.5783361196517944,36457134.99346524,8750.893
18.03803555927615,-33.1408364009624,-1.6721125,40,0.577767550945282,36457135.70075112,8750.8955
18.03803403432069,-33.14082370000196,-1.6353918,40,0.5805546045303345,36457137.116370015,8750.901
18.03803173012722,-33.14080465176486,-1.6864911,40,0.5723996758460999,36457139.240326695,8750.914
18.03803096481538,-33.140798301385125,-1.6857177,40,0.5805546045303345,36457139.94761925,8750.918
18.03802714436736,-33.140766552044425,-1.6436157,40,0.5723996758460999,36457143.48721676,8750.936
18.038026340449285,-33.14076020799226,-1.8851434,40,0.9313948750495911,36457144.194526486,8750.946
18.038024824022976,-33.140747506618105,-1.7921938,40,0.9201936721801758,36457145.6121442,8750.951
18.038024084327382,-33.1407411528451,-1.6283977,40,0.5723996758460999,36457146.32047352,8750.95
18.038017134438203,-33.14068402041958,-1.9813082,40,0.7193091511726379,36457152.690261215,8750.995
18.038017186252972,-33.14068401287418,-1.6552929,40,0.5723996758460999,36457152.690253586,8750.986
18.03801407943792,-33.140658623485194,-1.9095528,40,0.930486261844635,36457155.52048239,8751.009
18.038014113661774,-33.140658618501426,-1.6942186,40,0.5723996758460999,36457155.521519035,8751.003
18.038011027859326,-33.14063322618174,-1.8039083,40,0.9112977385520935,36457158.35175738,8751.021
18.03800874393768,-33.140614177913655,-1.6857145,40,0.4912489354610443,36457160.47574076,8751.03
18.038007936343615,-33.140607835789666,-1.9360225,40,0.9020130038261414,36457161.1830543,8751.041
18.038007977818104,-33.14060782974996,-1.6750686,40,0.4912489354610443,36457161.183042854,8751.033
18.038007197141397,-33.14060148326409,-1.7547225,40,0.8871196508407593,36457161.890346855,8751.04
18.038007207476348,-33.140601481759056,-1.6896951,40,0.4949287176132202,36457161.89034495,8751.038
18.038004887348386,-33.14058243886136,-1.7841487,40,0.8857710361480713,36457164.0133079,8751.053
18.038004141755252,-33.14057608742171,-1.6388433,40,0.4913545250892639,36457164.7216495,8751.053
18.03800414367785,-33.140576087141724,-1.626746,40,0.4913545250892639,36457164.7216495,8751.053
18.03800260627934,-33.14056339151731,-1.6236537,40,0.60084468126297,36457166.13903924,8751.061
18.03800181565252,-33.140557046752924,-1.7582408,40,0.8857710361480713,36457166.84633609,8751.068
18.038000215022414,-33.14054436012439,-2.1455812,40,0.85263592004776,36457168.2609342,8751.088
18.03800027321887,-33.14054435216885,-1.7797668,40,0.8856370449066162,36457168.26197394,8751.077
18.037999464720382,-33.14053801012497,-2.0230958,40,0.8584263324737549,36457168.96823176,8751.088
18.03799567768392,-33.14050626329595,-1.6123786,40,0.6762849688529968,36457172.50785764,8751.099
18.03799335612152,-33.14048722286186,-1.6595839,40,0.5723996758460999,36457174.629769646,8751.113
18.037992582948306,-33.140480876512534,-1.6684215,40,0.5689367651939392,36457175.33811887,8751.117
18.037991009629334,-33.140468188825736,-1.8519924,40,0.9313948750495911,36457176.75273927,8751.132
18.037988643883928,-33.140449156032,-2.1499512,40,0.6442555785179138,36457178.874679886,8751.153
18.03798793356536,-33.14044279980942,-1.7530928,40,0.9112977385520935,36457179.583016716,8751.146
18.037987918935325,-33.14044280193996,-1.8451439,40,0.923138439655304,36457179.58302053,8751.149
18.03798793645542,-33.140442799388545,-1.7349107,40,0.5424965023994446,36457179.58301481,8751.146
18.03798484023207,-33.14041741396,-1.7361708,40,0.5689367651939392,36457182.41331228,8751.165
18.037982512021838,-33.14039837668135,-1.7571069,40,0.9190452694892883,36457184.535264336,8751.18
18.03798175407455,-33.14039202812987,-1.6462021,40,0.5689367651939392,36457185.245081544,8751.181
18.03797865749986,-33.14036664407384,-1.5919045,40,0.6762849688529968,36457188.07534984,8751.199
18.037977785911966,-33.14036031183604,-2.186332,40,0.6442384719848633,36457188.78162196,8751.22
18.037976208067604,-33.14034762492787,-2.3300247,40,0.558367133140564,36457190.19624594,8751.233
18.037969235986214,-33.14029051561889,-2.0676708,40,0.6617790460586548,36457196.56312731,8751.272
18.037967712783214,-33.140277821688805,-1.8217862,40,0.6922646164894104,36457197.978803426,8751.276
18.037967689805974,-33.140277825035,-1.9663537,40,0.7163538336753845,36457197.97880915,8751.28
18.037964559446706,-33.14025245136111,-1.977284,40,0.7193091511726379,36457200.80706385,8751.303
18.037962226171725,-33.14023341764584,-1.8691664,40,0.9304711818695068,36457202.93008497,8751.316
18.037959810333692,-33.140214395827144,-2.2592683,40,0.558367133140564,36457205.051062375,8751.344
18.037959118174967,-33.140208039454954,-1.6733298,40,0.4912489354610443,36457205.76155829,8751.333
18.037959102712517,-33.1402080417068,-1.770617,40,0.8856370449066162,36457205.760515325,8751.336
18.037958324927782,-33.14020169740104,-1.7207079,40,0.4912489354610443,36457206.46783333,8751.34
18.037957540132076,-33.14019535416024,-1.7125218,40,0.4912489354610443,36457207.175152235,8751.346
18.03795753940318,-33.14019535426641,-1.7171097,40,0.4912489354610443,36457207.17515247,8751.346
18.03795514879539,-33.14017633056545,-1.906414,40,0.9033066034317017,36457209.29711788,8751.368
18.03795438619997,-33.14016998426823,-1.7488724,40,0.4956898093223572,36457210.00443905,8751.37
18.03795280047472,-33.14015730014227,-1.8069723,40,0.9113672375679016,36457211.41908901,8751.384
18.037952815516906,-33.140157297951625,-1.7123308,40,0.5431655049324036,36457211.41908758,8751.381
18.037950439846608,-33.14013827287377,-1.7634323,40,0.8982380032539368,36457213.54107063,8751.4
18.037949563682208,-33.14013194286374,-2.3051991,40,0.597530722618103,36457214.24737232,8751.422
18.03794964273246,-33.14013193187057,-1.8081925,40,0.8994802832603455,36457214.24735802,8751.408
18.03794727747269,-33.140112905812586,-1.763644,40,0.8982380032539368,36457216.369352035,8751.426
18.03794648074789,-33.14010656493179,-1.7958211,40,0.8893974423408508,36457217.076689415,8751.433
18.037944866331067,-33.140093886840354,-1.9848436,40,0.9332080483436584,36457218.49032562,8751.45
18.03794410618642,-33.14008754028598,-1.7788073,40,0.9219369888305664,36457219.19765442,8751.451
18.03794334998769,-33.140081193683734,-1.5457885,40,0.6762849688529968,36457219.90498417,8751.451
18.037941739638672,-33.14006851487854,-1.6881413,40,0.5723996758460999,36457221.31967228,8751.469
18.037939360826964,-33.140049492144854,-1.6515745,40,0.5805546045303345,36457223.44066303,8751.487
18.037939362842394,-33.14004949185133,-1.6388943,40,0.5805546045303345,36457223.440661125,8751.486
18.037938558915062,-33.140043154394746,-1.6919615,40,0.5805546045303345,36457224.1480109,8751.495
18.037938523166996,-33.14004315960105,-1.9168737,40,0.9346954822540283,36457224.146980934,8751.501
18.037937768735564,-33.14003681305783,-1.6544697,40,0.5783361196517944,36457224.85431545,8751.501
18.037935385086186,-33.14001779115488,-1.6084793,40,0.685131311416626,36457226.97808805,8751.52
18.037932968212232,-33.139998774571396,-1.747692,40,0.5818349719047546,36457229.09905246,8751.544
18.037928183015328,-33.139960736525715,-1.649624,40,0.5817782282829285,36457233.34101012,8751.584
18.03792496909467,-33.1399353810818,-1.6795802,40,0.5687310099601746,36457236.16935828,8751.614
18.037924927209254,-33.13993538718202,-1.9431045,40,0.932422935962677,36457236.168325454,8751.621
18.037922553598186,-33.13991636655547,-1.7064401,40,0.5790982842445374,36457238.28933051,8751.638
18.037919294862387,-33.13989101939467,-1.9438453,40,0.9340483546257019,36457241.11668685,8751.674
18.037916068206,-33.13986566877083,-1.9372098,40,0.9346954822540283,36457243.94405463,8751.705
18.03791609494884,-33.1398656648759,-1.7689568,40,0.923529326915741,36457243.94508842,8751.7
18.037915284493668,-33.1398593277649,-1.784383,40,0.923529326915741,36457244.65141204,8751.709
18.037912055338563,-33.139833978335275,-1.7403376,40,0.5723996758460999,36457247.481072746,8751.739
18.037911244407898,-33.13982764344336,-1.7470722,40,0.5723996758460999,36457248.1873823,8751.748
18.037908818515113,-33.13980863274389,-1.7040505,40,0.5689367651939392,36457250.30736145,8751.7705
18.03790795264989,-33.13980230410923,-2.044434,40,0.9019579887390137,36457251.013682686,8751.788
18.037906378822747,-33.13978962349685,-1.7236526,40,0.5689367651939392,36457252.42839845,8751.796
18.037906395826052,-33.13978962102041,-1.6166764,40,0.673183023929596,36457252.42839607,8751.793
18.037904704609574,-33.139776958165,-2.0245047,40,0.8947761654853821,36457253.84104618,8751.821
18.03790394776954,-33.13977061435618,-1.666435,40,0.5366541743278503,36457254.54840263,8751.82
18.037899035391767,-33.139732603635366,-1.7987841,40,0.9124594330787659,36457258.78846153,8751.875
18.03789576644467,-33.13970726364779,-1.7997808,40,0.9219369888305664,36457261.61485084,8751.91
18.037895774513657,-33.13970726247255,-1.7490146,40,0.5689367651939392,36457261.61484703,8751.908
18.037894967450562,-33.139700925982844,-1.6789966,40,0.5688276886940002,36457262.32222732,8751.915
18.03789497358081,-33.139700925089954,-1.6404285,40,0.5688276886940002,36457262.322225414,8751.914
18.037891277124963,-33.139669167214116,-1.6976898,40,0.5689367651939392,36457265.86302027,8751.922
18.037887851724218,-33.13964385864531,-1.8399434,40,0.9263398051261902,36457268.687283844,8751.973
18.037886997865073,-33.13963753184633,-1.8546146,40,0.9263398051261902,36457269.393615335,8751.985
18.037886132523276,-33.13963120628015,-1.9389594,40,0.9263398051261902,36457270.099949926,8752.0
18.037886156405776,-33.139631202801716,-1.7887065,40,0.9136164784431458,36457270.09994754,8751.996
18.037886142880488,-33.13963120477163,-1.8737984,40,0.9263398051261902,36457270.09994945,8751.998
18.037884460757272,-33.13961854668837,-1.7307574,40,0.4912489354610443,36457271.512619585,8752.019
18.037883602452442,-33.13961222262047,-1.7666522,40,0.8893974423408508,36457272.21791658,8752.031
18.037881911513598,-33.13959956605595,-1.6672195,40,0.4949287176132202,36457273.630600065,8752.053
18.037881044980736,-33.139593240898016,-1.7472031,40,0.5028197765350342,36457274.33694753,8752.067
18.03787847334339,-33.139574261573486,-1.8008516,40,0.9016565084457397,36457276.454956144,8752.105
18.03787850173547,-33.139574257438134,-1.6222315,40,0.5957791209220886,36457276.45494947,8752.101
18.03787761381819,-33.13956793554031,-1.8299658,40,0.9124594330787659,36457277.16131124,8752.119
18.03787762026886,-33.13956793460078,-1.7893819,40,0.9124594330787659,36457277.161310285,8752.118
18.03787505475601,-33.13954895528752,-1.7859114,40,0.8893974423408508,36457279.279343694,8752.155
18.03787418490557,-33.13954263089551,-1.8741765,40,0.9057296514511108,36457279.984666914,8752.17
18.037873285350138,-33.13953631086197,-2.147924,40,0.8616117238998413,36457280.6910449,8752.189
18.03787076917511,-33.13951732485273,-1.8141627,40,0.8908374309539795,36457282.809096426,8752.218
18.03787070649202,-33.13951733398283,-2.2085109,40,0.8633579015731812,36457282.809119314,8752.229
18.03787079097874,-33.13951732167693,-1.6769938,40,0.4949287176132202,36457282.8090888,8752.214
18.037867342747457,-33.139492019817126,-1.8030896,40,0.9229482412338257,36457285.63567482,8752.268
18.037864765389212,-33.139473043334185,-1.8336105,40,0.8893974423408508,36457287.75369124,8752.307
18.03786479146856,-33.13947303953563,-1.6695402,40,0.4912489354610443,36457287.75369005,8752.302
18.037863891630334,-33.13946671986521,-1.9342595,40,0.9057296514511108,36457288.459006354,8752.321
18.03786392058739,-33.139466715647515,-1.7520852,40,0.4912489354610443,36457288.46004777,8752.316
18.037863932548234,-33.13946671390537,-1.6768386,40,0.4912489354610443,36457288.46004705,8752.314
18.037861365155038,-33.13944773580381,-1.6362752,40,0.5427718162536621,36457290.57808666,8752.352
18.03785962996982,-33.13943508729396,-1.7552489,40,0.5403844118118286,36457291.9897788,8752.38
18.03785705874848,-33.13941611058298,-1.733001,40,0.542910099029541,36457294.10784988,8752.417
18.03785705269154,-33.13941611146521,-1.7711055,40,0.907808780670166,36457294.10785179,8752.418
18.03785696380454,-33.139416124412215,-2.3303003,40,0.6430156230926514,36457294.10682373,8752.434
18.037857045797573,-33.13941611246937,-1.814476,40,0.907808780670166,36457294.10785274,8752.42
18.03785443965931,-33.139397142478266,-2.011585,40,0.5635581612586975,36457296.224908635,8752.463
18.03785186181672,-33.139378167099814,-2.0294387,40,0.4679268002510071,36457298.34302311,8752.501
18.03785019160244,-33.139365509094645,-1.7372864,40,0.5364024043083191,36457299.754749104,8752.519
18.037847620811018,-33.13934653294795,-1.7141519,40,0.5687077641487122,36457301.87289123,8752.556
18.037845012108477,-33.13932756197772,-1.9331753,40,0.5843222141265869,36457303.99106865,8752.6
18.037844169515587,-33.13932123489943,-1.838032,40,0.8827429413795471,36457304.69642715,8752.609
18.0378433355903,-33.13931490601711,-1.6886495,40,0.4909566342830658,36457305.405182615,8752.618
18.037843299795725,-33.13931491123091,-1.9138334,40,0.5567604303359985,36457305.40413953,8752.624
18.037842480872442,-33.139308579768695,-1.6703895,40,0.4909566342830658,36457306.11051829,8752.631
18.037842464452893,-33.13930858216034,-1.7736849,40,0.881210446357727,36457306.11051865,8752.633
18.037841574043984,-33.13930226160374,-1.9812238,40,0.5567604303359985,36457306.815857604,8752.651
18.037839034661364,-33.139283281272284,-1.7799513,40,0.907808780670166,36457308.93396945,8752.684
18.03783731861066,-33.13927063081366,-1.7959155,40,0.9075477123260498,36457310.34675069,8752.709
18.0378364547835,-33.13926430644214,-1.8420521,40,0.9200948476791382,36457311.05210157,8752.723
18.03783388834186,-33.13924533020556,-1.8306861,40,0.8556981086730957,36457313.170252755,8752.76
18.037832204456418,-33.13923267466774,-1.6587378,40,0.49106499552726746,36457314.582010224,8752.78
18.03782793036164,-33.139201046958775,-1.6614072,40,0.542910099029541,36457318.11197467,8752.842
18.037826212300256,-33.13918839933285,-1.7289624,40,0.5364024043083191,36457319.523769334,8752.868
18.03782620419017,-33.139188400514215,-1.779979,40,0.905707061290741,36457319.523772195,8752.869
18.03782535930413,-33.13918207344099,-1.7264334,40,0.4909566342830658,36457320.23019023,8752.88
18.037824466371855,-33.13917575336814,-1.977077,40,0.5567604303359985,36457320.93558307,8752.899
18.037819396042487,-33.13913779099134,-1.715522,40,0.5364024043083191,36457325.1736296,8752.965
18.037817703263016,-33.13912513774174,-1.66282,40,0.5721710920333862,36457326.58540112,8752.987
18.037809996537536,-33.13906820869174,-2.1054487,40,0.5458676218986511,36457332.93900162,8753.1045
18.03780918210178,-33.13906187758705,-1.904746,40,0.6059029698371887,36457333.645424426,8753.11
18.037804943496905,-33.13903024327915,-1.9886953,40,0.6059029698371887,36457337.1755119,8753.17
18.037804092211267,-33.139023917481886,-2.0373247,40,0.5480853319168091,36457337.881953776,8753.183
18.03779654077859,-33.138966967222984,-1.9233222,40,0.6387828588485718,36457344.23582035,8753.278
18.037793199359452,-33.13894165257644,-1.866661,40,0.5669785737991333,36457347.06240523,8753.32
18.037791493698087,-33.13892899955524,-2.079053,40,0.4795755445957184,36457348.4742409,8753.347
18.03779152077365,-33.138928995611,-1.9087327,40,0.5567604303359985,36457348.47528255,8753.342
18.03778483158006,-33.13887836523011,-2.0698872,40,0.4795755445957184,36457354.12373316,8753.429
18.037770814840886,-33.13877074335146,-2.028621,40,0.5551455020904541,36457366.13277747,8753.589
18.037765150169857,-33.13872641247723,-1.706548,40,0.5793242454528809,36457371.07696213,8753.642
18.037764337066502,-33.13872007911704,-1.7025217,40,0.5711818337440491,36457371.78342928,8753.649
18.037762706336824,-33.138707414404436,-1.7378358,40,0.5677164793014526,36457373.19636835,8753.667
18.037762680812445,-33.138707418122955,-1.8983917,40,0.9270079731941223,36457373.19637312,8753.672
18.03776109817483,-33.138694745800684,-1.6495849,40,0.5642584562301636,36457374.60930933,8753.682
18.037760204838293,-33.138688424454486,-2.1739235,40,0.8629644513130188,36457375.31475653,8753.703
18.037759479999863,-33.13868207900955,-1.6434726,40,0.48985666036605835,36457376.02225794,8753.697
18.03775784499465,-33.13866941406258,-1.7619187,40,0.48985666036605835,36457377.43521704,8753.716
18.037757854250515,-33.13866941271412,-1.7036957,40,0.48985666036605835,36457377.43521418,8753.715
18.037757012575913,-33.1386630837131,-1.9220959,40,0.8970814943313599,36457378.14065947,8753.729
18.03775455876711,-33.13864408613828,-2.1582565,40,0.8720317482948303,36457380.260117665,8753.758
18.037752983181175,-33.13863141213861,-1.9606984,40,0.897228479385376,36457381.67307867,8753.768
18.037752995394538,-33.138631410359274,-1.8838737,40,0.897228479385376,36457381.674118176,8753.766
18.037752893818244,-33.138631425157755,-2.522809,40,0.5609902143478394,36457381.67310919,8753.782
18.03775223062364,-33.138625069954074,-1.6475426,40,0.48997509479522705,36457382.38059248,8753.767
18.03775062947296,-33.138612399955136,-1.6404271,40,0.48985666036605835,36457383.7935697,8753.78
18.0377498122719,-33.13860606708524,-1.7485762,40,0.49353620409965515,36457384.50006689,8753.791
18.037748177637994,-33.13859340071593,-1.9807289,40,0.9195702075958252,36457385.91478388,8753.811
18.037747398920658,-33.13858706213436,-1.8615911,40,0.9195702075958252,36457386.621258244,8753.814
18.037747434324476,-33.13858705697648,-1.6388924,40,0.5419483780860901,36457386.62230061,8753.809
18.037744906978297,-33.138568069354484,-2.5142941,40,0.6581119894981384,36457388.74069701,8753.853
18.037741839577194,-33.13854270972781,-1.8503263,40,0.9279585480690002,36457391.567656144,8753.86
18.037741039096353,-33.13853637402834,-1.9078681,40,0.9279585480690002,36457392.27414094,8753.868
18.037740262618016,-33.13853003479597,-1.8194993,40,0.91669100522995,36457392.98062335,8753.872
18.037739468006098,-33.13852369864836,-1.8504977,40,0.9279585480690002,36457393.6871091,8753.879
18.037736277457924,-33.13849835304534,-2.0989125,40,0.9028680920600891,36457396.514114484,8753.91
18.03773629515311,-33.13849835046729,-1.9876058,40,0.9279585480690002,36457396.51411067,8753.907
18.037735515880435,-33.13849201141708,-1.9468045,40,0.9279585480690002,36457397.22059928,8753.912
18.03773313265061,-33.13847300113686,-2.1405625,40,0.8993856906890869,36457399.34112941,8753.934
18.037733140398846,-33.13847300000797,-2.091825,40,0.9016215205192566,36457399.3411275,8753.933
18.037732345111518,-33.138466663139056,-2.1718094,40,0.8993856906890869,36457400.0476266,8753.94
18.03772932036994,-33.13844129249366,-1.5581443,40,0.6830913424491882,36457402.87566958,8753.944
18.03772845081614,-33.13843496625266,-2.1302896,40,0.9015675187110901,36457403.58220111,8753.965
18.037723138956196,-33.13839703622364,-2.9908488,40,0.658115029335022,36457407.818353444,8754.066
18.03772031085996,-33.138371630855985,-2.3808246,40,0.690071165561676,36457410.64849666,8754.053
18.037720348158697,-33.138371625421755,-2.146215,40,0.690071165561676,36457410.64849284,8754.047
18.037715153005696,-33.138327202688785,-2.807785,40,0.917690634727478,36457415.599187404,8754.066
18.03771443673408,-33.138320852842504,-2.757184,40,0.9224646091461182,36457416.306725055,8754.064
18.03771452643093,-33.138320839773904,-2.1929848,40,0.713171124458313,36457416.30774835,8754.05
18.0377106093119,-33.13828913628044,-4.1122026,40,0.8798804879188538,36457419.84135297,8754.101
18.03770273910656,-33.1382192766067,-3.961485,40,0.9372330904006958,36457427.626421124,8754.089
18.03770197979892,-33.138212931918346,-4.243536,40,0.7433878779411316,36457428.33396354,8754.096
18.037679991730297,-33.13801600985808,-4.3785725,40,0.725854218006134,36457450.271924235,8754.052
18.037672329173866,-33.137946106897154,-3.8347077,40,0.7167645692825317,36457458.05687115,8754.016
18.037667999422414,-33.13790799988324,-4.4867954,40,0.7625191807746887,36457462.30314324,8754.021
18.037666722304532,-33.13789527480865,-3.6571307,40,0.6992505192756653,36457463.71920464,8753.995
18.037648927561385,-33.13773645125104,-4.3924136,40,0.6846771836280823,36457481.414013386,8753.974
18.03764249411004,-33.137679279392536,-4.527556,40,0.722895622253418,36457487.78419516,8753.967
18.037638238809386,-33.13764115824023,-4.2772737,40,0.713630199432373,36457492.03145335,8753.954
18.03745150265273,-33.136196489696744,-3.398142,40,0.7170202732086182,36457653.20280153,8755.973
18.037450617947364,-33.13619016562839,-3.5177474,40,0.7140236496925354,36457653.908424206,8755.989
18.03744716531706,-33.136164861433095,-3.4849396,40,0.7140236496925354,36457656.73301012,8756.041
18.037429679505838,-33.13603836292778,-5.4500866,40,0.8937091827392578,36457670.85565054,8756.348
18.03742710544679,-33.13601938134275,-5.5562654,40,0.7515862584114075,36457672.97468006,8756.387
18.037386753414914,-33.13570917133249,-4.604513,40,0.9511059522628784,36457707.58562929,8756.835
18.037386700002052,-33.13570917911854,-4.9403963,40,0.7778366208076477,36457707.58458812,8756.844
18.03738533940287,-33.13569648787145,-3.691058,40,0.7139402627944946,36457708.99905831,8756.821
18.037375836889602,-33.13562052303999,-4.8749886,40,0.6875790953636169,36457717.46936042,8756.912
18.037375866994477,-33.13562051865137,-4.6856775,40,0.7334959506988525,36457717.46935279,8756.907
18.037355126205856,-33.13544939506514,-4.592501,40,0.9753104448318481,36457736.5488622,8757.019
18.037353717786306,-33.13543669241511,-3.8297834,40,0.9652004241943359,36457737.96335576,8757.006
18.03735360399396,-33.13543670900423,-4.545346,40,0.9753104448318481,36457737.96234105,8757.025
18.037352861916485,-33.13543036348705,-4.4044137,40,0.9753104448318481,36457738.670119025,8757.025
18.03734825523871,-33.13539230419374,-4.5479608,40,0.9317170977592468,36457742.91267464,8757.051
18.037343754457016,-33.13535421770678,-4.053298,40,0.7452049255371094,36457747.15995367,8757.06
18.037340649306763,-33.13532883597602,-4.391851,40,0.9511062502861023,36457749.9889992,8757.083
18.03733606188628,-33.13529074412531,-4.46511,40,0.9501059651374817,36457754.23571856,8757.105
18.037333801076258,-33.135271688181085,-4.294423,40,0.9379863739013672,36457756.3590792,8757.112
18.03732779133825,-33.13522085370721,-3.706365,40,0.7692186236381531,36457762.02556689,8757.124
18.037308548173012,-33.1350619004026,-4.410904,40,0.6977294087409973,36457779.74693621,8757.234
18.03730641352959,-33.135042784202945,-3.3375754,40,0.7200284600257874,36457781.87655581,8757.218
18.037299434824682,-33.134985493960286,-3.6225767,40,0.7082293033599854,36457788.26572527,8757.262
18.03729557544452,-33.13495364875475,-3.5922914,40,0.7057756781578064,36457791.816207305,8757.282
18.03729471493092,-33.134947290727894,-4.135949,40,0.725899875164032,36457792.52506627,8757.302
18.03729012148023,-33.13490905407666,-3.764652,40,0.7692216038703918,36457796.787550345,8757.318
18.03728703508262,-33.1348835598954,-3.6164978,40,0.9191299080848694,36457799.63026942,8757.333
18.037283218199846,-33.13485167340063,-3.1062987,40,0.9191315770149231,36457803.18392791,8757.343
18.037282360059468,-33.13484530861708,-3.5912592,40,0.9644865393638611,36457803.89386214,8757.361
18.037280108813363,-33.13482616497674,-2.9960186,40,0.916102409362793,36457806.029693104,8757.36
18.037276904970273,-33.13480066300026,-3.4295244,40,0.9198945760726929,36457808.87345252,8757.393
18.037276127574962,-33.134794283479096,-3.382093,40,0.7766534686088562,36457809.58543811,8757.396
18.037275500827207,-33.134787881083035,-2.3837457,40,0.9018927216529846,36457810.29740701,8757.375
18.037269921897657,-33.13474322609006,-2.7956877,40,0.9177889227867126,36457815.277163364,8757.425
18.037269150451177,-33.13473684138392,-2.6803136,40,0.917783260345459,36457815.98915372,8757.428
18.037264454113608,-33.13469853419581,-2.3400457,40,0.9483940601348877,36457820.26007829,8757.453
18.037261249802736,-33.13467299894821,-2.5037732,40,0.881901741027832,36457823.10809884,8757.482
18.037259695522884,-33.13466022406406,-2.264401,40,0.9282627105712891,36457824.532100536,8757.488
18.03725726383264,-33.134641070098134,-2.5056443,40,0.8834264874458313,36457826.669762865,8757.514
18.037256505423503,-33.13463467689481,-2.2505736,40,0.9102293252944946,36457827.38279916,8757.514
18.037256544316637,-33.13463467174429,-2.0063634,40,0.8889368176460266,36457827.382797495,8757.507
18.037254908744433,-33.1346219009668,-2.2313142,40,0.9343556761741638,36457828.8078344,8757.526
18.03725380118185,-33.13460935842419,-2.3746994,40,0.9437820911407471,36457830.2025726,8757.498
18.03725216583287,-33.134596547153656,-2.1577277,40,0.9343556761741638,36457831.63074185,8757.512
18.037252073887124,-33.1345965600382,-2.7355342,40,0.9491217136383057,36457831.63075425,8757.527
18.03724881614523,-33.13457092891687,-2.172083,40,0.9282627105712891,36457834.48919846,8757.551
18.03724875833606,-33.13457093682473,-2.5352347,40,0.881901741027832,36457834.48920895,8757.561
18.037247089372798,-33.134558125319494,-2.4833074,40,0.889835774898529,36457835.91844727,8757.579
18.03724624891478,-33.134551719651874,-2.4891756,40,0.9083794355392456,36457836.632547155,8757.59
18.037244641045422,-33.13453889713303,-2.0310256,40,0.9285003542900085,36457838.062824026,8757.598
18.037242107508778,-33.134519678264674,-2.0823455,40,0.9285003542900085,36457840.20723607,8757.63
18.037237826907926,-33.1344876475906,-2.4629743,40,0.9029315710067749,36457843.78096749,8757.692
18.037237049604133,-33.13448122969484,-2.0339649,40,0.9291149377822876,36457844.497152105,8757.691
18.03723533069804,-33.13446841639582,-2.19906,40,0.9490846395492554,36457845.92865623,8757.717
18.037233671240752,-33.134455594869515,-1.9789401,40,0.8922086358070374,36457847.358942874,8757.732
18.037233561808378,-33.13445561030235,-2.6666956,40,0.955413281917572,36457847.35790432,8757.751
18.0372328065139,-33.134449187845384,-2.0835307,40,0.8956307768821716,36457848.07409037,8757.746
18.037232809335574,-33.134449187434065,-2.0657892,40,0.8956307768821716,36457848.07409013,8757.746
18.037231961465096,-33.1344427781886,-2.0617516,40,0.8992876410484314,36457848.78923906,8757.757
18.037231094530146,-33.13443637099123,-2.1742141,40,0.926461935043335,36457849.50439037,8757.7705
18.037229440185833,-33.13442354381098,-1.8898973,40,0.8635446429252625,36457850.93573583,8757.785
18.03722857029576,-33.134417136351175,-2.012238,40,0.8979464173316956,36457851.64985002,8757.799
18.037227663513423,-33.13441073353175,-2.3633864,40,0.9282627105712891,36457852.36501611,8757.819
18.037227697237345,-33.13441072913534,-2.1516876,40,0.9282627105712891,36457852.36501134,8757.814
18.03722598413878,-33.1343979097507,-2.2150917,40,0.9282670021057129,36457853.796379216,8757.838
18.03722428330331,-33.13438508730031,-2.1902606,40,0.9282670021057129,36457855.22670854,8757.859
18.037224311210636,-33.13438508323257,-2.0147853,40,0.8979662656784058,36457855.22670282,8757.8545
18.03722345633827,-33.134378672376485,-2.0264604,40,0.8979464173316956,36457855.94187177,8757.866
18.037221756900287,-33.134365849122304,-1.9778049,40,0.8652701377868652,36457857.3732549,8757.888
18.03722086627518,-33.13435944296394,-2.206771,40,0.929236888885498,36457858.08843816,8757.905
18.037220013666914,-33.13435303061957,-2.1938746,40,0.9437820911407471,36457858.80361379,8757.916
18.037220013450554,-33.13435303065109,-2.1952353,40,0.9437820911407471,36457858.80361379,8757.917
18.037219129432607,-33.13434662270142,-2.3775167,40,0.9490846395492554,36457859.51880086,8757.933
18.037218323756065,-33.13434020422758,-2.06559,40,0.928453266620636,36457860.23501218,8757.936
18.03721657757879,-33.13432738597263,-2.282372,40,0.9497633576393127,36457861.66539014,8757.965
18.037216509147246,-33.13432739542707,-2.712294,40,0.814315915107727,36457861.66541303,8757.977
18.03721489944806,-33.13431455681601,-2.0621588,40,0.9285003542900085,36457863.09679807,8757.982
18.037212329440028,-33.13429531990859,-2.048322,40,0.9291149377822876,36457865.245986834,8758.017
18.037208889538416,-33.13426967194778,-2.0863047,40,0.9200948476791382,36457868.10771127,8758.064
18.03720804690598,-33.13426325713142,-1.9821265,40,0.8922086358070374,36457868.823929265,8758.074
18.037206317711576,-33.13425043373647,-2.0448933,40,0.8979464173316956,36457870.25428529,8758.1
18.037205420494395,-33.134244027211125,-2.279328,40,0.9282627105712891,36457870.96947141,8758.117
18.037205470846125,-33.134244019872476,-1.9627343,40,0.8635446429252625,36457870.970509484,8758.108
18.037204559377802,-33.134237616848246,-2.2864165,40,0.9282627105712891,36457871.68465562,8758.13
18.037203712546134,-33.134231202424445,-2.200553,40,0.9282670021057129,36457872.400882676,8758.139
18.037203742276326,-33.134231198091406,-2.0136216,40,0.8979662656784058,36457872.400878385,8758.134
18.0372019925585,-33.13421837734834,-2.1899714,40,0.9282627105712891,36457873.832303956,8758.163
18.0372020313972,-33.13421837168787,-1.9457694,40,0.8635446429252625,36457873.83229633,8758.156
18.037200294342043,-33.13420554954375,-2.0374045,40,0.8979662656784058,36457875.2637281,8758.183
18.037200301720613,-33.134205548468394,-1.9910116,40,0.8635620474815369,36457875.26372619,8758.182
18.037199356321075,-33.134199147350124,-2.517264,40,0.945314347743988,36457875.978939965,8758.208
18.037197718228846,-33.134186310850545,-1.9790887,40,0.8922086358070374,36457877.4103622,8758.218
18.037196857606606,-33.13417989843057,-1.9695154,40,0.9019298553466797,36457878.12556358,8758.2295
18.037194260182165,-33.1341606641244,-2.0327244,40,0.9285003542900085,36457880.27223106,8758.268
18.037193423076445,-33.13415424843204,-1.87126,40,0.928421139717102,36457880.98847671,8758.275
18.03719340435657,-33.13415425116008,-1.98896,40,0.928421139717102,36457880.98848243,8758.278
18.037189087943112,-33.134122192726124,-1.9922935,40,0.929421603679657,36457884.56561561,8758.34
18.037186516497815,-33.134102956408306,-1.870959,40,0.9252237677574158,36457886.71407483,8758.373
18.037185615299617,-33.134096550782886,-2.106298,40,0.9012027382850647,36457887.42927501,8758.392
18.03718564912512,-33.13409654585332,-1.8936194,40,0.9252237677574158,36457887.43031738,8758.386
18.03718565542,-33.134096544935936,-1.8540406,40,0.9252237677574158,36457887.4303169,8758.385
18.037183007622104,-33.13407732111585,-2.207199,40,0.8827892541885376,36457889.57592986,8758.431
18.03718307474665,-33.13407731133364,-1.7851548,40,0.8909450769424438,36457889.576967455,8758.42
18.03717698731512,-33.134032446280266,-2.0297265,40,0.9040533304214478,36457894.58346293,8758.513
18.037176132051407,-33.1340260355424,-1.9741484,40,0.9200948476791382,36457895.29868338,8758.523
18.037175289646502,-33.13401962554587,-1.8398505,40,0.881210446357727,36457896.01390193,8758.532
18.037175277057067,-33.1340196273804,-1.919004,40,0.8979464173316956,36457896.01390479,8758.534
18.0371735248095,-33.134006812911394,-2.070877,40,0.8634672164916992,36457897.44436572,8758.5625
18.037173548724144,-33.13400680942657,-1.9205203,40,0.8978580832481384,36457897.444359995,8758.559
18.037173553452117,-33.13400680873764,-1.8907939,40,0.8978580832481384,36457897.44435904,8758.558
18.03717354189572,-33.13400681042162,-1.9634529,40,0.8978580832481384,36457897.4443619,8758.56
18.037173578285966,-33.13400680511888,-1.7346566,40,0.8813466429710388,36457897.445395686,8758.554
18.037171823158822,-33.13399399186396,-1.9056417,40,0.8979662656784058,36457898.87482283,8758.583
18.037170974568454,-33.13398758084061,-1.8090719,40,0.8813466429710388,36457899.59005282,8758.593
18.03717099107072,-33.13398757843598,-1.705316,40,0.8813466429710388,36457899.59109137,8758.59
18.037170071612586,-33.13398117892913,-2.055517,40,0.8635446429252625,36457900.30529902,8758.611
18.03716919224851,-33.13397477331528,-2.153677,40,0.8633467555046082,36457901.02054427,8758.626
18.037168346549002,-33.13396836302414,-2.040677,40,0.8652701377868652,36457901.735779025,8758.636
18.037167488033816,-33.13396195483421,-2.0087967,40,0.9006684422492981,36457902.45102141,8758.647
18.037167514585306,-33.133961950965386,-1.8418629,40,0.9148454666137695,36457902.451011874,8758.643
18.03716748665477,-33.133961955035176,-2.0174675,40,0.9006684422492981,36457902.45102141,8758.647
18.037165722577942,-33.133949146721534,-2.251729,40,0.9018927216529846,36457903.88048575,8758.679
18.0371649394875,-33.13394272827744,-1.747567,40,0.9169996976852417,36457904.59570525,8758.677
18.03716407148132,-33.13393632240417,-1.7780246,40,0.9164511561393738,36457905.31303317,8758.69
18.037162340490795,-33.13392351132228,-1.810171,40,0.9164511561393738,36457906.74243588,8758.715
18.037159728650156,-33.133904297784,-1.9606467,40,0.928421139717102,36457908.88707871,8758.756
18.037158051251854,-33.13389148122176,-1.664965,40,0.5803236961364746,36457910.31754155,8758.772
18.03715544311593,-33.133872272543144,-1.8090115,40,0.9159156084060669,36457912.461171575,8758.8125
18.037154553909335,-33.133865873002826,-1.9840046,40,0.9265509843826294,36457913.17537493,8758.83
18.037153644143036,-33.13385947629332,-2.2891593,40,0.898422360420227,36457913.88958449,8758.85
18.03715197187012,-33.13384666386182,-1.9789335,40,0.9265509843826294,36457915.31902785,8758.865
18.03715114101529,-33.13384025713615,-1.792551,40,0.9169977307319641,36457916.03427214,8758.873
18.03715113844124,-33.1338402575112,-1.8087358,40,0.9169977307319641,36457916.03427405,8758.873
18.037150259451867,-33.13383385814094,-1.92647,40,0.9275087714195251,36457916.74848742,8758.889
18.0371494243689,-33.133827452720226,-1.7696891,40,0.90805584192276,36457917.46269221,8758.896
18.037149414793408,-33.13382745411541,-1.8298912,40,0.90805584192276,36457917.46269507,8758.897
18.037147678671726,-33.133814654430665,-1.9361826,40,0.9275087714195251,36457918.89112849,8758.925
18.037147715955637,-33.133814648998374,-1.7017777,40,0.9159156084060669,36457918.891117044,8758.918
18.03714598387157,-33.133801851630245,-1.7905576,40,0.9169977307319641,36457920.319559045,8758.944
18.03714336006049,-33.13378265968476,-2.0964694,40,0.9040533304214478,36457922.46224589,8758.988
18.03714336519656,-33.13378265893646,-2.06418,40,0.9040533304214478,36457922.46224398,8758.987
18.037143412036404,-33.133782652112096,-1.7697006,40,0.9180561900138855,36457922.46222872,8758.9795
18.037142540322897,-33.133776254978116,-1.8570828,40,0.9274934530258179,36457923.17646403,8758.994
18.03714077088393,-33.133763465188025,-2.2008142,40,0.898422360420227,36457924.603902765,8759.026
18.037138151108653,-33.13374427913291,-2.5161505,40,0.74878990650177,36457926.747831695,8759.07
18.03713826235023,-33.13374426344401,-1.8171197,40,0.881210446357727,36457926.747827165,8759.052
18.037137407029093,-33.13373786632824,-1.8136699,40,0.881210446357727,36457927.46203672,8759.063
18.037137409642188,-33.1337378659475,-1.7972422,40,0.881210446357727,36457927.46203672,8759.0625
18.037137332574574,-33.13373787717638,-2.2817676,40,0.8616005182266235,36457927.4609965,8759.076
18.0371374069871,-33.133737866334364,-1.8139343,40,0.881210446357727,36457927.46203672,8759.063
18.037137372659927,-33.13373787133588,-2.0297506,40,0.8635446429252625,36457927.46203839,8759.069
18.037135625215353,-33.13372508420586,-2.2612276,40,0.8616046905517578,36457928.889423005,8759.099
18.037135690267096,-33.13372507472781,-1.8522488,40,0.8979662656784058,36457928.88941776,8759.088
18.037135627315095,-33.13372508389992,-2.2480285,40,0.8616046905517578,36457928.889423005,8759.099
18.037134851338838,-33.13371867648567,-1.7524177,40,0.881210446357727,36457929.603632085,8759.097
18.037133968853997,-33.13371228501876,-1.928736,40,0.8979464173316956,36457930.31680738,8759.112
18.037134012538672,-33.133712278653995,-1.6540924,40,0.4909566342830658,36457930.31784736,8759.105
18.03713229825519,-33.13369948915333,-1.694766,40,0.542910099029541,36457931.74419891,8759.13
18.037131404276998,-33.133693100672645,-1.9505153,40,0.9275087714195251,36457932.45738422,8759.147
18.037130547983676,-33.133686707632286,-1.9722123,40,0.9199127554893494,36457933.17160999,8759.16
18.037129732646438,-33.13368030858846,-1.7385409,40,0.9169977307319641,36457933.88478672,8759.165
18.0371288723974,-33.13367391654097,-1.7897713,40,0.9176287651062012,36457934.59797203,8759.178
18.03712882807044,-33.1336739229991,-2.0684495,40,0.9050613045692444,36457934.59797966,8759.186
18.037128865543693,-33.13367391753949,-1.8328589,40,0.9176287651062012,36457934.597973935,8759.179
18.03712716220632,-33.13366113280404,-1.8356359,40,0.9176287651062012,36457936.024349324,8759.201
18.037125468331354,-33.13364834806168,-1.7892028,40,0.9176287651062012,36457937.45177471,8759.223
18.037123794109032,-33.13363556234232,-1.6301894,40,0.6831837296485901,36457938.87815773,8759.241
18.03712372661331,-33.13363557217562,-2.0545213,40,0.9040533304214478,36457938.87713253,8759.252
18.03712206814814,-33.133622786074866,-1.8077112,40,0.9176287651062012,36457940.30352127,8759.268
18.03712123638917,-33.13361639411904,-1.7045103,40,0.9176287651062012,36457941.016716115,8759.276
18.037119513873037,-33.13360362027217,-1.8778427,40,0.928453266620636,36457942.4420911,8759.303
18.037118624822075,-33.13359723813889,-2.143711,40,0.9009802341461182,36457943.15531742,8759.321
18.037118602098335,-33.133597241449365,-2.2865682,40,0.9009802341461182,36457943.15427982,8759.325
18.037116142897982,-33.13357807011977,-1.7971547,40,0.8827429413795471,36457945.295513086,8759.344
18.03711523764701,-33.13357169235898,-2.1772223,40,0.8616005182266235,36457946.00765752,8759.365
18.03711447193987,-33.13356529526367,-1.6835821,40,0.4909566342830658,36457946.72084402,8759.362
18.03711358990299,-33.133558915144725,-1.9240853,40,0.8979464173316956,36457947.43299221,8759.38
18.03711193547868,-33.13354613999904,-1.725117,40,0.8813466429710388,36457948.857288115,8759.3955
18.03711107036954,-33.133539758971,-1.8690171,40,0.8979464173316956,36457949.56944203,8759.41
18.037111094682228,-33.13353975542897,-1.7161697,40,0.881210446357727,36457949.570483916,8759.405
18.037110225902346,-33.13353337546013,-1.8864825,40,0.8979464173316956,36457950.282639734,8759.421
18.037108548023408,-33.133520608896326,-1.862457,40,0.8979464173316956,36457951.706952326,8759.441
18.03710854835935,-33.13352060884737,-1.8603444,40,0.8979464173316956,36457951.706952326,8759.441
18.03710768781114,-33.13351422926793,-1.9891083,40,0.8979464173316956,36457952.41806912,8759.455
18.037106024083197,-33.133501463842094,-1.8968003,40,0.8992876410484314,36457953.842389815,8759.473
18.03710601634434,-33.13350146496952,-1.9454525,40,0.8992876410484314,36457953.84239172,8759.475
18.037105940400377,-33.13350147603327,-2.4228878,40,0.8633467555046082,36457953.8413608,8759.487
18.037105083999197,-33.13349509746018,-2.536056,40,0.7253997325897217,36457954.55352854,8759.5
18.037101809084465,-33.13346956616749,-2.0768313,40,0.9050613045692444,36457957.40114664,8759.528
18.037099344404243,-33.1334504255499,-1.8249066,40,0.9164511561393738,36457959.53661608,8759.552
18.03709762799126,-33.13343767826754,-2.136158,40,0.9044229388237,36457960.95889925,8759.579
18.03709600774047,-33.13342491969694,-1.858459,40,0.929421603679657,36457962.38220476,8759.592
18.037095171613306,-33.13341854431624,-1.8882502,40,0.929421603679657,36457963.09334826,8759.602
18.037092686222124,-33.133399419603904,-1.8576149,40,0.9291149377822876,36457965.22879637,8759.63
18.03709265810418,-33.133399423700226,-2.034384,40,0.9040533304214478,36457965.22879667,8759.635
18.037091851297212,-33.133393047280784,-1.8962952,40,0.9291149377822876,36457965.93991811,8759.64
18.03709102936504,-33.13338667315035,-1.8568629,40,0.928453266620636,36457966.65104098,8759.648
18.03708855415897,-33.1333675579779,-1.8237221,40,0.9169977307319641,36457968.78337509,8759.675
18.037087724773333,-33.13336118722316,-1.8472533,40,0.928453266620636,36457969.49450476,8759.685
18.037084426950475,-33.133335706608996,-1.8580596,40,0.9275087714195251,36457972.33694775,8759.722
18.037083297367488,-33.13332901209303,-1.8588656,40,0.9193437099456787,36457973.08570177,8759.755
18.037082406584076,-33.133322677183834,-2.4152043,40,0.8616005182266235,36457973.79267866,8759.777
18.037082478044944,-33.13332266677396,-1.9659668,40,0.8979464173316956,36457973.79371054,8759.766
18.037081595063462,-33.13331633132254,-2.4775162,40,0.8616005182266235,36457974.500689335,8759.786
18.037081696105584,-33.133316316603455,-1.8423184,40,0.881210446357727,36457974.501714535,8759.77
18.03708008151011,-33.133303625897945,-1.9270322,40,0.8979662656784058,36457975.91669161,8759.785
18.037080087525077,-33.13330362502174,-1.8892193,40,0.8979662656784058,36457975.9166897,8759.784
18.037079184084632,-33.133297294307425,-2.5421546,40,0.8819030523300171,36457976.62367994,8759.81
18.03707848796757,-33.1332909339682,-1.8960016,40,0.8979464173316956,36457977.332712,8759.799
18.037075253620017,-33.13326556381959,-2.1817513,40,0.8633467555046082,36457980.1616543,8759.834
18.03707529839915,-33.13326555729643,-1.9002509,40,0.8992876410484314,36457980.16268522,8759.826
18.037074504203833,-33.13325921405761,-1.8917334,40,0.8992876410484314,36457980.86965925,8759.832
18.037074478696805,-33.13325921777329,-2.052079,40,0.8652701377868652,36457980.869664975,8759.837
18.0370728424912,-33.133246539900675,-2.348109,40,0.8633467555046082,36457982.283634014,8759.857
18.037070500069067,-33.133227511300426,-2.1203067,40,0.8922086358070374,36457984.40560324,8759.871
18.03707040919159,-33.13322752401977,-2.6912434,40,0.7883509993553162,36457984.40459425,8759.887
18.03706735426578,-33.13320214971111,-2.015469,40,0.8947423696517944,36457987.234933,8759.893
18.037066583487334,-33.133195808320515,-1.9009578,40,0.9198660254478455,36457987.942942955,8759.896
18.037066560804448,-33.13319581162485,-2.0435534,40,0.8944370150566101,36457987.94190011,8759.9
18.037062548353944,-33.13316413561404,-2.5284586,40,0.916102409362793,36457991.4746717,8759.942
18.03705793347544,-33.13312611257981,-1.9848537,40,0.8918840885162354,36457995.71337924,8759.962
18.037057923031462,-33.13312611410126,-2.050508,40,0.9175951480865479,36457995.7133821,8759.964
18.037057103860004,-33.13311978538349,-2.287703,40,0.9420675039291382,36457996.41932426,8759.976
18.037056322422163,-33.13311345112156,-2.2911727,40,0.926100492477417,36457997.12630401,8759.98
18.03705557104215,-33.13310711386943,-2.1102693,40,0.8985514044761658,36457997.83223472,8759.981
18.037052469711984,-33.133081781539694,-2.025698,40,0.897228479385376,36458000.65703044,8760.0
18.037052480827306,-33.13308177992039,-1.9558253,40,0.8631176948547363,36458000.657026626,8759.998
18.037050062153074,-33.13306279802705,-2.513972,40,0.8817840814590454,36458002.77383933,8760.028
18.037050108269515,-33.13306279130866,-2.2240694,40,0.9278752207756042,36458002.773822166,8760.0205
18.03704934832912,-33.13305645755977,-2.1261566,40,0.9278671145439148,36458003.479760505,8760.022
18.037047039338205,-33.133037464642776,-2.038978,40,0.9188145995140076,36458005.59973117,8760.034
18.037046235225663,-33.1330311392795,-2.2335744,40,0.9435060024261475,36458006.30462059,8760.044
18.037043904084733,-33.13301215393615,-2.3286061,40,0.9487643241882324,36458008.42138108,8760.061
18.037043936932847,-33.1330121491508,-2.1221106,40,0.9270079731941223,36458008.42242297,8760.056
18.03704084273079,-33.132986836870565,-2.208854,40,0.9494470953941345,36458011.24408468,8760.075
18.03704005840715,-33.13298051128441,-2.30693,40,0.9494470953941345,36458011.94898065,8760.082
18.03704009579472,-33.13298050583764,-2.071901,40,0.9279585480690002,36458011.95002016,8760.076
18.037037780572575,-33.132961525869405,-2.1492774,40,0.9499301314353943,36458014.06575426,8760.091
18.037036985134808,-33.132955203089786,-2.3305788,40,0.9499301314353943,36458014.770656906,8760.1
18.03703469294644,-33.132936225103286,-2.304089,40,0.9499301314353943,36458016.88640054,8760.111
18.037032399095324,-33.132917247814994,-2.3154044,40,0.9499301314353943,36458019.00214895,8760.123
18.037028593383212,-33.13288562050831,-2.2866068,40,0.9499301314353943,36458022.52771505,8760.141
18.037027844713784,-33.132879293901,-2.2115054,40,0.9499301314353943,36458023.23261579,8760.143
18.037027835819373,-33.132879295196844,-2.2674184,40,0.9499301314353943,36458023.232619606,8760.144
18.037026325530704,-33.132866644492296,-2.2075024,40,0.9499301314353943,36458024.642430626,8760.149
18.037024773195864,-33.13285400110622,-2.4237418,40,0.9006575345993042,36458026.05410888,8760.162
18.037020242047955,-33.13281605566845,-2.3481135,40,0.9494470953941345,36458030.28350713,8760.18
18.037020250876736,-33.13281605438217,-2.292613,40,0.9494470953941345,36458030.283506654,8760.179
18.037020234115523,-33.13281605682413,-2.3979785,40,0.9006575345993042,36458030.28350856,8760.182
18.037014965533608,-33.13277179127742,-2.319493,40,0.9499301314353943,36458035.21783044,8760.2
18.03701344700341,-33.13275914696535,-2.4028711,40,0.9015675187110901,36458036.62764623,8760.208
18.037012658016643,-33.13275282976601,-2.6353662,40,0.9168043732643127,36458037.331517,8760.218
18.037010437582126,-33.132733855899716,-2.4248776,40,0.9006575345993042,36458039.44623353,8760.22
18.03700814434656,-33.132714895690924,-2.694368,40,0.916015625,36458041.55993249,8760.235
18.037006676618315,-33.13270224533834,-2.4998229,40,0.9149218201637268,36458042.96974733,8760.235
18.037005191137588,-33.13268959822601,-2.4257212,40,0.8921554684638977,36458044.37852266,8760.238
18.037003559840546,-33.1326769709298,-3.2753768,40,0.7929852604866028,36458045.78896908,8760.266
18.037002837095173,-33.13267064431938,-3.119613,40,0.8879236578941345,36458046.493874826,8760.265
18.03700218959491,-33.13266430728009,-2.493164,40,0.891200065612793,36458047.19982091,8760.25
18.037000686337073,-33.13265166300852,-2.5548825,40,0.8817840814590454,36458048.60858933,8760.256
18.03699996337172,-33.13264533645685,-2.4081976,40,0.861221969127655,36458049.313493885,8760.254
18.03699769135689,-33.13262637176088,-2.6273298,40,0.8817816972732544,36458051.42821995,8760.267
18.036997733172882,-33.132626365668095,-2.3644636,40,0.9278671145439148,36458051.42821471,8760.26
18.036995477412457,-33.13260739838897,-2.4971333,40,0.8833078145980835,36458053.54189841,8760.27
18.036995480189184,-33.13260739798439,-2.479679,40,0.8629644513130188,36458053.54189841,8760.27
18.03699536312582,-33.13260741452211,-3.215215,40,0.5837962031364441,36458053.54087416,8760.289
18.036993243937175,-33.132588427979854,-2.5048962,40,0.8817816972732544,36458055.65662924,8760.276
18.036993252607246,-33.13258842671654,-2.4503937,40,0.8612141013145447,36458055.656627335,8760.274
18.036992489682554,-33.1325821056672,-2.5718737,40,0.8817816972732544,36458056.36154238,8760.28
18.0369916994871,-33.13257578801055,-2.865951,40,0.9459649324417114,36458057.06541983,8760.29
18.036990252489943,-33.13256313509141,-2.621406,40,0.9085874557495117,36458058.47523657,8760.287
18.036989544696752,-33.13255680525101,-2.4018416,40,0.8921554684638977,36458059.18013922,8760.283
18.036989573444068,-33.13255680106216,-2.2211273,40,0.9435060024261475,36458059.18117491,8760.278
18.036983629327263,-33.132506206621045,-2.2877688,40,0.9494830965995789,36458064.82099642,8760.295
18.03698063396081,-33.132480908121835,-2.4942107,40,0.9621731042861938,36458067.640634775,8760.308
18.036979111665314,-33.13246826234084,-2.75871,40,0.9077388644218445,36458069.05045891,8760.318
18.03697910307474,-33.13246826359263,-2.812712,40,0.9077388644218445,36458069.05046034,8760.319
18.036978397853947,-33.132461932087494,-2.594641,40,0.9082933664321899,36458069.755367756,8760.315
18.036978390370624,-33.13246193317791,-2.6416821,40,0.8938889503479004,36458069.75536823,8760.316
18.036976944083452,-33.13244927491487,-2.4334502,40,0.8629644513130188,36458071.16623211,8760.314
18.036974678330154,-33.13243030077822,-2.7330437,40,0.8817816972732544,36458073.28097534,8760.327
18.036970232607622,-33.13239233407202,-2.810828,40,0.9574725031852722,36458077.512553215,8760.339
18.036969474802614,-33.13238600752793,-2.9313827,40,0.9077388644218445,36458078.217473984,8760.344
18.0369694799666,-33.1323860067754,-2.8989196,40,0.9077388644218445,36458078.217473984,8760.343
18.036967256677187,-33.132367020598224,-2.9496994,40,0.8833078145980835,36458080.33327103,8760.349
18.036965092145397,-33.132348023414785,-2.6342762,40,0.9063355922698975,36458082.45009613,8760.344
18.036964321072848,-33.13234169776534,-2.8413086,40,0.9490422010421753,36458083.1550293,8760.352
18.03696283596396,-33.132329037915035,-2.8979385,40,0.9085874557495117,36458084.565914154,8760.355
18.03696209926546,-33.132322706451745,-2.889426,40,0.9085874557495117,36458085.27328489,8760.356
18.03695689287806,-33.132278389112905,-3.146381,40,0.9191187024116516,36458090.21291188,8760.374
18.03695543944851,-33.1322657189464,-3.0047808,40,0.916015625,36458091.62378625,8760.373
18.036953240662427,-33.13224671432832,-2.9085026,40,0.9574725031852722,36458093.74166564,8760.374
18.036952382214768,-33.132240397115396,-3.6650252,40,0.9051274657249451,36458094.446606435,8760.396
18.036951600890735,-33.13223406840757,-3.9364824,40,0.7107856273651123,36458095.15257815,8760.405
18.036950986732293,-33.132227715040734,-3.1568336,40,0.9130554795265198,36458095.859560765,8760.385
18.0369458391388,-33.13218335651955,-3.022228,40,0.6348379850387573,36458100.80234889,8760.392
18.036942031908627,-33.13215168224059,-3.7308662,40,0.7196437120437622,36458104.33326892,8760.418
18.036938421856174,-33.13211996935265,-3.18163,40,0.6891093850135803,36458107.86852935,8760.41
18.036935440790685,-33.13209460732176,-3.3128626,40,0.9191206097602844,36458110.69551757,8760.42
18.036934702388827,-33.13208826481385,-3.300117,40,0.9644768834114075,36458111.401482135,8760.421
18.036933037914775,-33.13207560848201,-4.4531374,40,0.7454293370246887,36458112.81344035,8760.455
18.036928019319014,-33.13203141544376,-3.4975407,40,0.9191206097602844,36458117.73743346,8760.441
18.036927274397247,-33.13202504790195,-3.5033684,40,0.9688174724578857,36458118.44757941,8760.443
18.036918292554393,-33.13194861726695,-3.738049,40,0.7692186236381531,36458126.96739409,8760.47
18.03691608813076,-33.13192949596797,-3.5055168,40,0.9191206097602844,36458129.0978267,8760.47
18.03691536721948,-33.131923119072546,-3.3371286,40,0.9191203117370605,36458129.80796931,8760.467
18.036912914833056,-33.13190403072259,-4.6442804,40,0.939060628414154,36458131.9373915,8760.508
18.03691228852162,-33.13189763933029,-3.8749127,40,0.9721702337265015,36458132.64856694,8760.489
18.03690924271779,-33.13187215018277,-4.178475,40,0.9753727912902832,36458135.48917363,8760.506
18.036908485296077,-33.13186577649774,-4.224499,40,0.9753727912902832,36458136.20037053,8760.509
18.036906258374277,-33.13184664966001,-4.0683117,40,0.9839175939559937,36458138.331864096,8760.511
18.036904039698232,-33.131827516424515,-3.8412704,40,0.7167645692825317,36458140.463357665,8760.512
18.036899423839746,-33.131789271404365,-4.457789,40,0.9237728714942932,36458144.72845186,8760.542
18.036897173078536,-33.131770136647646,-4.378611,40,0.9051274657249451,36458146.860992074,8760.548
18.036897124417575,-33.13177014373941,-4.6845007,40,0.9227297306060791,36458146.86099398,8760.556
18.036896376590406,-33.131763764882265,-4.638789,40,0.9227297306060791,36458147.572190166,8760.557
18.03689570029581,-33.131757375884874,-4.141649,40,0.9794657826423645,36458148.283381104,8760.546
18.036890381691432,-33.131712730004836,-4.2733545,40,0.6313657164573669,36458153.259679675,8760.568
18.036884295685677,-33.13166169751792,-4.3364496,40,0.6849054098129272,36458158.94721401,8760.594
18.036877487170052,-33.13160427221553,-3.9868279,40,0.914688766002655,36458165.34993938,8760.613
18.036720437277314,-33.13036520322727,-3.360493,40,0.5240971446037292,36458303.55458695,8762.058
18.03667468350122,-33.1300244764317,-7.568129,40,0.5251639485359192,36458341.581985995,8762.746
18.03659031368797,-33.12935988438814,-7.531991,40,0.5251638293266296,36458415.71275513,8763.537
18.036510802536043,-33.12867767654711,-3.889652,40,0.5869638323783875,36458491.745527305,8763.646
18.036505427770397,-33.128633030355076,-4.890203,40,0.7187953591346741,36458496.72257856,8763.685
18.036504805232678,-33.128626630808185,-4.1166677,40,0.5762568712234497,36458497.433999576,8763.665
18.036497958442872,-33.12856921737604,-4.9295373,40,0.6257606148719788,36458503.834002055,8763.702
18.03649695676878,-33.12856287271094,-6.5280905,40,0.6040193438529968,36458504.544463634,8763.747
18.036494905829645,-33.12854370260683,-5.3231816,40,0.7034977078437805,36458506.67986519,8763.72
18.036493227451732,-33.128530966418154,-6.4676156,40,0.6285711526870728,36458508.1006952,8763.755
18.03648906701384,-33.12849263556584,-4.3757,40,0.7824915051460266,36458512.36938698,8763.71
18.03648615501219,-33.128467102889076,-3.8226676,40,0.5701196193695068,36458515.21414263,8763.703
18.036483642068475,-33.12844800116266,-5.458757,40,0.7034977078437805,36458517.34543974,8763.753
18.036483199663603,-33.128441577637446,-3.5180387,40,0.5277677178382874,36458518.05890829,8763.703
18.036481533514284,-33.12842884219911,-4.540183,40,0.6140278577804565,36458519.47977907,8763.735
18.036475576146017,-33.12837780538184,-4.120685,40,0.576256513595581,36458525.16931748,8763.742
18.03647265205644,-33.128352281247686,-3.5255132,40,0.5333488583564758,36458528.0130425,8763.736
18.03647087076211,-33.12833956535665,-5.222385,40,0.6917497515678406,36458529.43284517,8763.787
18.036468489658823,-33.12832044977567,-5.925585,40,0.5629865527153015,36458531.56410747,8763.814
18.036461576482388,-33.12826308025037,-6.485222,40,0.5677205920219421,36458537.95896011,8763.8545
18.036455725277992,-33.128211998269144,-5.8025227,40,0.5104808807373047,36458543.650674395,8763.849
18.03645598127753,-33.12821196095525,-4.19378,40,0.6017431020736694,36458543.652667575,8763.805
18.03642616989442,-33.127970212818035,-4.8676434,40,0.738467812538147,36458570.61168326,8764.02
18.036413506234517,-33.12786850632239,-5.04449,40,0.9790767431259155,36458581.95270003,8764.12
18.036413450011388,-33.12786851451737,-5.3977947,40,0.582634687423706,36458581.951671965,8764.129
18.036412851430278,-33.12786213203673,-4.183466,40,0.7167645692825317,36458582.66206206,8764.103
18.03640711151569,-33.12781767725189,-5.3743515,40,0.9502440094947815,36458587.62281654,8764.179
18.036399294381816,-33.12775413112906,-4.5521016,40,0.9448384046554565,36458594.70851276,8764.222
18.03639842368489,-33.12774779000723,-5.021519,40,0.9790768623352051,36458595.415853,8764.241
18.036395239325056,-33.12772238346438,-5.0114264,40,0.9448384046554565,36458598.249341466,8764.267
18.0363888988321,-33.12767157402253,-4.7584357,40,0.9558907747268677,36458603.91531894,8764.314
18.036383297407845,-33.12762712984382,-4.8169184,40,0.9515637159347534,36458608.87361672,8764.364
18.03637361907768,-33.127550968247654,-5.293685,40,0.8262362480163574,36458617.36794474,8764.462
18.036365022991884,-33.127481127815145,-3.9072626,40,0.7099049091339111,36458625.157410584,8764.503
18.036360828174807,-33.12744942692319,-5.0608516,40,0.7251718640327454,36458628.694127105,8764.57
18.036359253589627,-33.12743673312856,-4.870594,40,0.9317170977592468,36458630.10986283,8764.58
18.03635041915264,-33.12736694761711,-4.894538,40,0.9375506639480591,36458637.89285948,8764.661
18.03634732016729,-33.12734156007071,-4.1855845,40,0.6313657164573669,36458640.72332861,8764.671
18.03634639313798,-33.12733523434923,-4.9640446,40,0.9375505447387695,36458641.42969038,8764.699
18.036343932086783,-33.1273162125969,-5.2890925,40,0.7525107264518738,36458643.551825546,8764.73
18.03633034139449,-33.12720838462994,-4.909977,40,0.9375505447387695,36458655.57890841,8764.845
18.036323920677454,-33.12715765218269,-4.9119606,40,0.9508259892463684,36458661.23690364,8764.903
18.036315822249776,-33.127094253824474,-5.410187,40,0.8063989877700806,36458668.310052745,8764.99
18.036312033202528,-33.127062517295705,-4.044362,40,0.7295740842819214,36458671.84797751,8764.989
18.036306179007585,-33.12701816624429,-5.6121726,40,0.8183837532997131,36458676.796612136,8765.081
18.036304665371865,-33.12700547169441,-5.0678096,40,0.7984514236450195,36458678.211380355,8765.081
18.036299784287174,-33.12696743460804,-5.366885,40,0.9156588315963745,36458682.45371472,8765.135
18.036297298021502,-33.12694842498668,-5.976131,40,0.790438711643219,36458684.57685764,8765.172
18.036293399155966,-33.1269167080944,-5.471938,40,0.9154971837997437,36458688.11277458,8765.191
18.036286318716634,-33.126859628151735,-5.0189285,40,0.7778368592262268,36458694.47831699,8765.238
18.036275121898722,-33.12677085836547,-5.6285543,40,0.8063989877700806,36458704.37949065,8765.345
18.036270461163713,-33.12673279193904,-5.0898857,40,0.7543879747390747,36458708.62392952,8765.368
18.03626500555919,-33.12668838427417,-4.630157,40,0.9405789375305176,36458713.57580998,8765.398
18.036264833707445,-33.126688409326945,-5.7099404,40,0.8066540360450745,36458713.573750995,8765.428
18.036264205907283,-33.12668204322659,-4.696795,40,0.9405789375305176,36458714.28218319,8765.406
18.036249990943094,-33.12656786006758,-4.977511,40,0.6844121813774109,36458727.017015964,8765.52
18.036249188834823,-33.126561517708616,-5.0828524,40,0.6875833868980408,36458727.72443798,8765.528
18.036245264247132,-33.12652979223929,-5.0887136,40,0.6844121813774109,36458731.26155928,8765.557
18.03624453569419,-33.126523438691166,-4.7395744,40,0.6844121813774109,36458731.97002199,8765.553
18.036242058777745,-33.126504420494975,-5.5302963,40,0.779032289981842,36458734.0912855,8765.591
18.036220414012178,-33.12632666160473,-4.214113,40,0.7692216038703918,36458753.910749905,8765.7
18.036216379610803,-33.126294933111716,-5.146839,40,0.7454332113265991,36458757.44904088,8765.75
18.03621489939122,-33.12628222282956,-4.6906657,40,0.7454332113265991,36458758.86600446,8765.747
18.03621411979307,-33.12627587276661,-4.712201,40,0.7454332113265991,36458759.574498646,8765.753
18.036209458173026,-33.126237769399815,-4.768463,40,0.7543917894363403,36458763.82234048,8765.782
18.03620793369431,-33.126225062820026,-4.612092,40,0.7543919086456299,36458765.24089685,8765.788
18.03620719393086,-33.1262187058405,-4.394365,40,0.7543919086456299,36458765.94938198,8765.786
18.03620020327876,-33.126161535741616,-4.5793,40,0.785466194152832,36458772.322657734,8765.832
18.036180216759448,-33.125996289039826,-4.313735,40,0.7659094333648682,36458790.74599196,8765.934
18.03617171874928,-33.12592635275541,-4.670109,40,0.7635008692741394,36458798.54269053,8765.985
18.036167161654024,-33.12588818693026,-4.418322,40,0.777762770652771,36458802.79688193,8766.001
18.03616632403098,-33.12588183574003,-4.8691945,40,0.7454332113265991,36458803.50542189,8766.018
18.03615865214125,-33.12581822570301,-5.00371,40,0.9524165987968445,36458810.59885819,8766.058
18.036149468690805,-33.12574186794723,-5.109254,40,0.9178726673126221,36458819.11043675,8766.102
18.036148740108082,-33.125735498906785,-4.891552,40,0.9596168994903564,36458819.81999047,8766.1
18.036147948074213,-33.12572913744515,-5.071967,40,0.8641382455825806,36458820.52956326,8766.107
18.036145686941335,-33.12571006466435,-4.0918117,40,0.6347898840904236,36458822.65509732,8766.104
18.036145520892756,-33.12571008835359,-5.134706,40,0.8991424441337585,36458822.65411122,8766.132
18.036143342771844,-33.125690971513706,-4.594555,40,0.9227418303489685,36458824.78567034,8766.125
18.036137237435003,-33.12564002879314,-5.0377407,40,0.9850866794586182,36458830.46424517,8766.158
18.03613722220444,-33.12564003101361,-5.1334295,40,0.8978022336959839,36458830.46424708,8766.16
18.036137373102335,-33.1256400095332,-4.1857214,40,0.9051452279090881,36458830.46527371,8766.135
18.036133555889663,-33.12560816823446,-4.4824567,40,0.9227418303489685,36458834.01413712,8766.155
18.03612891943804,-33.12556995872051,-5.191136,40,0.8991424441337585,36458838.27364811,8766.189
18.036128221616362,-33.125563579665425,-4.8391004,40,0.9724087119102478,36458838.984246105,8766.183
18.036116910880473,-33.125467993912466,-4.8369007,40,0.9441037178039551,36458849.6398924,8766.22
18.03611539836944,-33.12545524796846,-4.8599563,40,0.9441037178039551,36458851.0600732,8766.226
18.036115495299732,-33.12545523383706,-4.250965,40,0.9310058951377869,36458851.06110555,8766.209
18.036113958340675,-33.12544248999923,-4.4252386,40,0.9769570827484131,36458852.48233396,8766.219
18.036113321071166,-33.1254360990105,-3.6875005,40,0.7167686223983765,36458853.19292718,8766.201
18.03611246393757,-33.125429739955294,-4.330629,40,0.9319140911102295,36458853.90251428,8766.221
18.036102751847707,-33.12534685604215,-3.6500273,40,0.7057756781578064,36458863.14050561,8766.236
18.03609647635289,-33.125295882642746,-5.0424695,40,0.7602574229240417,36458868.82494138,8766.296
18.036095776445375,-33.12528949926635,-4.682041,40,0.7995336651802063,36458869.5355532,8766.289
18.036092755137965,-33.125263993105115,-4.6200943,40,0.7995307445526123,36458872.37907241,8766.298
18.03609141240401,-33.125251215465006,-3.5280962,40,0.7096119523048401,36458873.80132602,8766.274
18.036087593846297,-33.125219335898464,-3.678135,40,0.7295740842819214,36458877.35547851,8766.293
18.036082319621084,-33.125174693433195,-3.387788,40,0.6891093850135803,36458882.330879435,8766.306
18.036080049041335,-33.12515556041315,-3.3068419,40,0.6869257092475891,36458884.46522239,8766.313
18.036075326630982,-33.12511731748593,-4.2443953,40,0.7452049255371094,36458888.72895251,8766.357
18.03607248681159,-33.12509177675405,-2.902071,40,0.8817816972732544,36458891.574555025,8766.335
18.036072409867167,-33.12509178797114,-3.3854861,40,0.6080485582351685,36458891.573520765,8766.348
18.0360692548243,-33.125066291168714,-3.997624,40,0.9056831002235413,36458894.41708575,8766.378
18.03606081818044,-33.12499613796683,-4.037526,40,0.9846845865249634,36458902.237177,8766.418
18.036056184370114,-33.124957876781735,-4.170897,40,0.9761547446250916,36458906.50422472,8766.444
18.03605540628203,-33.12495150023797,-4.222663,40,0.976154625415802,36458907.214854896,8766.45
18.03604926125418,-33.124900475640445,-4.067239,40,0.9424542188644409,36458912.90305179,8766.479
18.036044618338995,-33.12486221077428,-4.081521,40,0.9379863739013672,36458917.16897339,8766.504
18.036041523774422,-33.124836700906634,-4.045987,40,0.9379863739013672,36458920.01258987,8766.5205
18.03603535851627,-33.12478567622533,-3.7232807,40,0.6313657164573669,36458925.70281752,8766.549
18.03603528100695,-33.1247856875234,-4.210181,40,0.914688766002655,36458925.70177456,8766.562
18.036032509198535,-33.12476013086053,-2.0456352,40,0.6018362045288086,36458928.548487864,8766.522
18.03603135954824,-33.12475380943731,-4.36889,40,0.905127763748169,36458929.25602599,8766.59
18.036031454341096,-33.12475379562007,-3.7734194,40,0.905127763748169,36458929.25706216,8766.573
18.036029028828363,-33.124734678451404,-4.298039,40,0.965200662612915,36458931.38900348,8766.603
18.03602758651128,-33.12472190793419,-3.5391684,40,0.8879236578941345,36458932.81236669,8766.592
18.03602676562828,-33.12471553674608,-3.7825022,40,0.905127763748169,36458933.52301999,8766.604
18.03602669471312,-33.12471554708268,-4.2279735,40,0.9661481976509094,36458933.521988116,8766.616
18.03602598263483,-33.12470916101606,-3.7863371,40,0.905127763748169,36458934.233667575,8766.609
18.03602516903642,-33.124702789278494,-3.979835,40,0.9661481976509094,36458934.94432374,8766.619
18.03601888582168,-33.124651783195084,-4.0304866,40,0.9069331884384155,36458940.631648265,8766.663
18.036017257486805,-33.12463904078354,-4.3824825,40,0.7536792159080505,36458942.05194398,8766.684
18.036015767749593,-33.12462627780329,-3.8544676,40,0.7196437120437622,36458943.4753296,8766.68
18.03600633294592,-33.12454977618035,-3.6156397,40,0.7057756781578064,36458952.00688213,8766.742
18.036005397554195,-33.124543422983436,-4.5179763,40,0.7965415120124817,36458952.71651977,8766.772
18.03600308272084,-33.1245242940023,-4.1265507,40,0.936901867389679,36458954.848496854,8766.78
18.035997677929245,-33.124479658570095,-3.1542218,40,0.7082293033599854,36458959.825217664,8766.798
18.03599510807685,-33.12446056597258,-4.2959633,40,0.7680264711380005,36458961.955206335,8766.848
18.035994348838432,-33.1244541883618,-4.0609274,40,0.9363386034965515,36458962.66587299,8766.848
18.035988036186087,-33.12440322168976,-4.5304327,40,0.785466194152832,36458968.35139715,8766.899
18.035978350155496,-33.124326758407115,-3.916059,40,0.6595373153686523,36458976.87950718,8766.981
18.035975077863757,-33.12430128207504,-3.926682,40,0.6595372557640076,36458979.721219175,8767.016
18.035966858491122,-33.124237598278384,-4.0761404,40,0.6595372557640076,36458986.82678747,8767.105
18.03596274997936,-33.12420576009135,-4.088214,40,0.6595372557640076,36458990.378139734,8767.149
18.035961059386462,-33.12419303299301,-4.3806777,40,0.6313701272010803,36458991.798488855,8767.176
18.035946288287896,-33.12407844566838,-4.030669,40,0.7421497702598572,36459004.58200302,8767.328
18.035936340952137,-33.12400209178167,-4.2904673,40,0.72825026512146,36459013.100075565,8767.446
18.03590909715663,-33.12379222366497,-4.2301526,40,0.8594920635223389,36459036.515176654,8767.751
18.035907428935722,-33.123779512572064,-4.3462005,40,0.8695580959320068,36459037.93250167,8767.773
18.03590655140497,-33.123773164100214,-4.6784163,40,0.7602236270904541,36459038.64117992,8767.791
18.035905129831775,-33.12376041863715,-3.2500474,40,0.7112921476364136,36459040.061576724,8767.7705
18.035900087227088,-33.123722297731426,-3.8694558,40,0.9761618971824646,36459044.31679481,8767.843
18.035898547591966,-33.12370957232303,-3.1967373,40,0.9191299080848694,36459045.73618805,8767.843
18.035896085876477,-33.123690507451556,-3.1516273,40,0.9191318154335022,36459047.86215364,8767.869
18.03589262357232,-33.12366511762996,-4.2387514,40,0.9369174838066101,36459050.69577157,8767.935
18.03589091784516,-33.12365241963363,-4.6293573,40,0.7454332113265991,36459052.11311614,8767.963
18.035891034225298,-33.123652402672235,-3.8983815,40,0.9351317882537842,36459052.11414372,8767.943
18.03588525147826,-33.12360793640179,-4.128563,40,0.9056889414787292,36459057.0748676,8768.012
18.035882678168136,-33.12358889599034,-4.8447905,40,0.6806004643440247,36459059.19885575,8768.058
18.035881987481506,-33.1235825256797,-4.037445,40,0.9661576747894287,36459059.908548705,8768.044
18.03588123763555,-33.123576164209624,-3.603203,40,0.6080527901649475,36459060.61825692,8768.041
18.035880239886243,-33.12356983752944,-4.726461,40,0.6806004643440247,36459061.32491433,8768.08
18.035877853578448,-33.123550773121096,-4.295863,40,0.9719516038894653,36459063.450967185,8768.095
18.035876360055465,-33.12353805116135,-3.4062564,40,0.6891132593154907,36459064.8709017,8768.088
18.035874510081783,-33.12352538042119,-4.7611933,40,0.740412175655365,36459066.28616672,8768.142
18.035873031993713,-33.12351265723862,-3.7879596,40,0.9264901876449585,36459067.70455962,8768.133
18.035865583186236,-33.123455528005074,-4.5077586,40,0.6844121813774109,36459074.0775178,8768.228
18.03586563722062,-33.12345552013,-4.168381,40,0.9146925806999207,36459074.07855158,8768.219
18.03585762234641,-33.123392019683756,-3.5106115,40,0.9191299080848694,36459081.16028338,8768.282
18.03585510235731,-33.1233729895613,-4.07995,40,0.9852205514907837,36459083.28330355,8768.321
18.035852595382007,-33.12335395903372,-4.587346,40,0.9448496699333191,36459085.4083199,8768.358
18.035851871044095,-33.123347599661884,-4.0618167,40,0.9753804206848145,36459086.117011614,8768.352
18.035848632249206,-33.12332221408395,-4.127406,40,0.9661576747894287,36459088.948664375,8768.385
18.035846157461577,-33.12330318292889,-4.4878044,40,0.7306113243103027,36459091.07164068,8768.417
18.035833355769558,-33.123201652076474,-4.2876577,40,0.6885536313056946,36459102.3943345,8768.527
18.03582444524574,-33.12313181148538,-4.460411,40,0.8855109214782715,36459110.18655638,8768.617
18.035820587304894,-33.12310011282753,-4.130596,40,0.9319042563438416,36459113.720741786,8768.635
18.035817472011296,-33.123074759075045,-4.094883,40,0.905128538608551,36459116.5472732,8768.655
18.035815016398256,-33.12305576314171,-4.8442364,40,0.8775431513786316,36459118.66617159,8768.691
18.035812851740015,-33.12303672624765,-3.7896903,40,0.7196323871612549,36459120.78708509,8768.678
18.0358034378936,-33.1229606943579,-4.5383115,40,0.7602033019065857,36459129.26690086,8768.755
18.03579724081669,-33.122909999004186,-4.7345653,40,0.8775431513786316,36459134.91898712,8768.796
18.035795744826892,-33.12289731833869,-4.472621,40,0.7455177903175354,36459136.33226665,8768.797
18.035779885719542,-33.12276419593699,-3.1959105,40,0.8879244923591614,36459151.1727167,8768.844
18.035779130986484,-33.12275785650638,-3.1546733,40,0.8879244923591614,36459151.87936076,8768.846
18.035773114855367,-33.12270713728337,-2.756864,40,0.9083847403526306,36459157.53252848,8768.862
18.035770742402825,-33.12268813369043,-3.3686712,40,0.6890972852706909,36459159.65146502,8768.889
18.03576468865575,-33.122637415584606,-3.3624272,40,0.608035147190094,36459165.30647496,8768.913
18.035754928721115,-33.12255497870041,-3.0810041,40,0.5079078078269958,36459174.49501971,8768.942
18.035747875309696,-33.122497939128486,-4.883752,40,0.760582685470581,36459180.853975095,8769.015
18.035746371225088,-33.12248525304193,-4.8999267,40,0.888990044593811,36459182.268346585,8769.0205
18.035742635501336,-33.12245353240258,-4.806273,40,0.7622085809707642,36459185.80525393,8769.03
18.03572630811536,-33.122313903269855,-3.9806743,40,0.749849796295166,36459201.36640973,8769.057
18.035721742707224,-33.12227582339595,-4.520039,40,0.7517316937446594,36459205.613050394,8769.083
18.03571661393834,-33.12223136178793,-3.9318895,40,0.6313518285751343,36459210.56699424,8769.081
18.035715755876133,-33.12222502690602,-4.6363287,40,0.9720022678375244,36459211.273672156,8769.103
18.035715815351015,-33.12222501875534,-4.2631607,40,0.6313521862030029,36459211.27470975,8769.093
18.03571418662856,-33.1222123356977,-5.1240706,40,0.9227309823036194,36459212.68910652,8769.119
18.03571045094325,-33.12218057853626,-5.1721964,40,0.6805764436721802,36459216.22767215,8769.131
18.03571042155526,-33.12218058282034,-5.3567595,40,0.7488441467285156,36459216.22767883,8769.136
18.035709719701302,-33.122174224080744,-5.082559,40,0.8524000644683838,36459216.9364286,8769.13
18.03570685391859,-33.122148797969935,-4.3556147,40,0.7318430542945862,36459219.76934486,8769.118
18.035706754629917,-33.12214881244404,-4.979172,40,0.760582685470581,36459219.768329196,8769.135
18.03570237498254,-33.12211067515606,-4.397146,40,0.7828366160392761,36459224.01773792,8769.13
18.035700152298375,-33.12209160933563,-4.313074,40,0.7746692299842834,36459226.14423524,8769.134
18.035699276205705,-33.12208527250759,-5.133458,40,0.983763575553894,36459226.85090791,8769.158
18.035697920754583,-33.122072542400126,-4.283782,40,0.9465826749801636,36459228.26945983,8769.139
18.035697158893036,-33.122066187780455,-4.386094,40,0.9568598866462708,36459228.97717343,8769.144
18.03568517211301,-33.12196447087231,-4.728589,40,0.8158829212188721,36459240.313185796,8769.183
18.035680040589448,-33.12191993747698,-4.142589,40,0.7498503923416138,36459245.27776884,8769.18
18.03567323920824,-33.12186279158255,-4.768849,40,0.9459842443466187,36459251.647226445,8769.214
18.035671732437876,-33.12185004775108,-4.813933,40,0.9459842443466187,36459253.06789409,8769.219
18.03567023715565,-33.12183730183828,-4.7844315,40,0.945375919342041,36459254.48856079,8769.223
18.035670296209926,-33.12183729322931,-4.41356,40,0.945375919342041,36459254.488549344,8769.212
18.035668775210908,-33.12182454971088,-4.542351,40,0.9800019264221191,36459255.909222715,8769.22
18.03566121225657,-33.121760814033934,-4.8765593,40,0.9459842443466187,36459263.01261818,8769.251
18.035658274725673,-33.12173530368915,-4.438114,40,0.980231761932373,36459265.85704966,8769.248
18.035655960810487,-33.12171618389534,-4.794779,40,0.9459831714630127,36459267.98857911,8769.265
18.035655360475758,-33.1217097852328,-3.8380063,40,0.9445540308952332,36459268.70046957,8769.241
18.035649274633233,-33.12165877726543,-4.2086086,40,0.7627940773963928,36459274.3863035,8769.2705
18.035648576124643,-33.12165239192043,-3.8600926,40,0.9402403235435486,36459275.097154215,8769.263
18.03564563750259,-33.12162686775415,-3.3621392,40,0.6932967901229858,36459277.9416271,8769.26
18.035641811484005,-33.12159498284285,-3.6763923,40,0.9693931937217712,36459281.49596365,8769.28
18.035640219871972,-33.12158223624033,-4.1785016,40,0.905128538608551,36459282.91667898,8769.3
18.03563951077339,-33.121575850846305,-3.8839335,40,0.9051288366317749,36459283.62857778,8769.294
18.035638763356587,-33.12156947037154,-3.8284426,40,0.9689534902572632,36459284.34138947,8769.295
18.03563880982365,-33.12156946359771,-3.536621,40,0.9628502130508423,36459284.34138925,8769.287
18.035638748552927,-33.12156947252957,-3.921413,40,0.9652015566825867,36459284.34138956,8769.298
18.03563871562066,-33.12156947733034,-4.128234,40,0.9051288366317749,36459284.34138972,8769.304
18.035635005805894,-33.12153757016581,-3.663805,40,0.9689534902572632,36459287.896736614,8769.304
18.03562958627325,-33.12149293118773,-4.385602,40,0.7454172968864441,36459292.87280034,8769.343
18.035629683905256,-33.121492916955646,-3.772458,40,0.9855992794036865,36459292.87382936,8769.326
18.03562666670447,-33.121467393391946,-3.657362,40,0.9689533710479736,36459295.71833753,8769.335
18.03562433371541,-33.12144826104779,-3.9993584,40,0.905128538608551,36459297.85095834,8769.353
18.035623634147758,-33.121441871929385,-3.6203995,40,0.9628502130508423,36459298.5628581,8769.346
18.035622083011795,-33.121429116161664,-3.8137786,40,0.9689533710479736,36459299.9856553,8769.356
18.03562203721909,-33.121429122836815,-4.101363,40,0.9063852429389954,36459299.98462438,8769.364
18.03562200938282,-33.12142912689449,-4.2761774,40,0.9063852429389954,36459299.98463296,8769.369
18.03561828574876,-33.12139721243236,-3.7686937,40,0.9855440258979797,36459303.5410695,8769.371
18.0356159055518,-33.12137808526038,-4.366905,40,0.7324490547180176,36459305.67544912,8769.396
18.035615206174864,-33.121371695626145,-3.9732964,40,0.9319029450416565,36459306.3873602,8769.389
18.035606829185124,-33.12130151050107,-3.8575807,40,0.9783691167831421,36459314.21112238,8769.422
18.035606115989506,-33.12129512320746,-3.5360706,40,0.9740676283836365,36459314.9219874,8769.416
18.035605363689623,-33.121288741134904,-3.4585438,40,0.9198852181434631,36459315.63390337,8769.417
18.035602251038963,-33.12126322801993,-3.7854595,40,0.9865998029708862,36459318.47742544,8769.44
18.035589990466605,-33.1211611532101,-3.6982112,40,0.8699274063110352,36459329.85827082,8769.496
18.03558946970806,-33.12115473859662,-2.1404593,40,0.6051724553108215,36459330.5712096,8769.457
18.035587864377742,-33.121141990214575,-2.5609012,40,0.5542935729026794,36459331.9929735,8769.477
18.035585334963752,-33.121122886526415,-3.9453225,40,0.6473996639251709,36459334.124607734,8769.525
18.035583128171908,-33.121103736501354,-3.2924814,40,0.759242832660675,36459336.25828426,8769.52
18.035577140047412,-33.12105269144504,-2.1488616,40,0.5046007633209229,36459341.947416,8769.521
18.035574667333993,-33.121033583011396,-3.1257846,40,0.6479246616363525,36459344.080448665,8769.56
18.035571577239743,-33.12100807704024,-3.1130962,40,0.9221972823143005,36459346.923978284,8769.576
18.035570896785096,-33.121001687803485,-2.5290613,40,0.6038500666618347,36459347.63590141,8769.565
18.035567023685974,-33.12096980941894,-2.5465014,40,0.6118467450141907,36459351.18928237,8769.587
18.035564674507363,-33.12095068756661,-2.7022252,40,0.6068720817565918,36459353.321952775,8769.6045
18.03556394696716,-33.120944306266935,-2.4035897,40,0.5809482336044312,36459354.032833055,8769.601
18.03555776776356,-33.120893309265306,-2.2255664,40,0.8963234424591064,36459359.71788593,8769.632
18.035557485525885,-33.120893349883346,-3.9976463,40,0.717161238193512,36459359.71483512,8769.68
18.0355552112212,-33.12087422263043,-3.644083,40,0.6963831186294556,36459361.84752269,8769.685
18.035553779282804,-33.1208614617401,-2.8755448,40,0.9758853316307068,36459363.26928516,8769.673
18.03555310941033,-33.120855073583854,-2.199318,40,0.5553366541862488,36459363.98014827,8769.659
18.035551403347323,-33.12084235103745,-3.1442077,40,0.8803941011428833,36459365.402007505,8769.694
18.035549067861222,-33.120823235511914,-3.149494,40,0.880393922328949,36459367.53259818,8769.708
18.035548351242994,-33.120816855661985,-2.7611709,40,0.9577674269676208,36459368.243488476,8769.703
18.03554659432493,-33.12080414256982,-4.013595,40,0.6304336190223694,36459369.66321103,8769.746
18.035546570460294,-33.1208041460482,-4.1634645,40,0.6304336190223694,36459369.66216819,8769.75
18.03554366372169,-33.12077863451206,-2.8450465,40,0.8409296274185181,36459372.50573985,8769.734
18.035543574733264,-33.12077864696312,-3.4035354,40,0.8803941011428833,36459372.50470893,8769.749
18.03554192266514,-33.120765920224706,-3.9858148,40,0.6304340362548828,36459373.924441025,8769.774
18.03554044666877,-33.12075316902333,-3.4591403,40,0.606035053730011,36459375.34518878,8769.7705
18.035539574546146,-33.120746813726676,-4.0371146,40,0.7010922431945801,36459376.05402534,8769.791
18.035537352180224,-33.120727690064285,-3.2903938,40,0.914294958114624,36459378.18567626,8769.785
18.035534331491544,-33.12070220337351,-2.6445477,40,0.9120737910270691,36459381.02615039,8769.788
18.035532104290986,-33.12068308438726,-1.910709,40,0.902658998966217,36459383.15780322,8769.783
18.03553207718185,-33.120683088338424,-2.0809507,40,0.902658998966217,36459383.15676944,8769.788
18.035531308850686,-33.120676719992986,-1.997952,40,0.899019718170166,36459383.866631195,8769.791
18.035530366181455,-33.12067037670078,-3.0085325,40,0.9067046046257019,36459384.57730803,8769.823
18.03552662352125,-33.12063852449261,-1.9568496,40,0.8973830342292786,36459388.127637714,8769.821
18.035522767852548,-33.12060657725135,-2.326744,40,0.6078580021858215,36459391.68844351,8769.845
18.035517859994112,-33.12056847479257,-3.3185883,40,0.6784164309501648,36459395.93827805,8769.909
18.035516260635582,-33.12055577076446,-3.4151964,40,0.6927236318588257,36459397.35594067,8769.924
18.035513022076024,-33.120530369460695,-3.8517082,40,0.7196015119552612,36459400.18815979,8769.961
18.035509907135665,-33.12050495422723,-3.5061808,40,0.9152172803878784,36459403.022449344,8769.977
18.035506731453527,-33.12047955033661,-3.5366092,40,0.914294958114624,36459405.85710654,8770.003
18.03549972349284,-33.12042238581293,-2.734713,40,0.9020825028419495,36459412.23030326,8770.038
18.03549882531764,-33.12041605159921,-3.3950787,40,0.9047488570213318,36459412.9381108,8770.0625
18.03549813356751,-33.12040968850796,-2.7598832,40,0.9679501056671143,36459413.64693114,8770.051
18.035495714894047,-33.12039064873767,-3.0100746,40,0.9577674269676208,36459415.77032134,8770.077
18.03549017801199,-33.12034621321221,-2.928672,40,0.840925931930542,36459420.72492167,8770.119
18.03548133711204,-33.120276420427416,-3.7077866,40,0.5624997019767761,36459428.51074366,8770.21
18.035479108162026,-33.12025736293706,-2.785628,40,0.9554567337036133,36459430.63517718,8770.204
18.035479093750904,-33.12025736503752,-2.8761215,40,0.9426477551460266,36459430.63517861,8770.207
18.035479080905322,-33.12025736690982,-2.956787,40,0.9426477551460266,36459430.634134814,8770.209
18.035477495739734,-33.12024467667562,-2.9674833,40,0.9693599939346313,36459432.04974227,8770.222
18.03547279706862,-33.120206603524174,-2.6600451,40,0.9120789170265198,36459436.29448752,8770.251
18.035472765257882,-33.12020660816078,-2.8598034,40,0.9707541465759277,36459436.2944942,8770.256
18.03547199027626,-33.120200261379665,-2.7595632,40,0.9780386090278625,36459437.00230174,8770.26
18.035469552562706,-33.12018123765848,-3.1711833,40,0.9152184128761292,36459439.1236711,8770.289
18.035467223824828,-33.120162199976754,-2.9065065,40,0.9703263640403748,36459441.24711184,8770.301
18.035463328137038,-33.12013047421509,-2.573474,40,0.9020825028419495,36459444.785807386,8770.322
18.035463315181946,-33.120130476103384,-2.6548247,40,0.9534657597541809,36459444.785807505,8770.324
18.035463259069967,-33.12013048428202,-3.007185,40,0.9693599939346313,36459444.7858084,8770.334
18.03546085474683,-33.120111458967294,-3.2384524,40,0.880393922328949,36459446.90714748,8770.358
18.035459974285345,-33.120105128528856,-3.8135533,40,0.6304336190223694,36459447.61392005,8770.38
18.03546014463299,-33.120105104218865,-2.7441983,40,0.9577674269676208,36459447.61495359,8770.352
18.035459436621842,-33.12009874972898,-2.238154,40,0.85263991355896,36459448.32275875,8770.344
18.035459363215747,-33.120098760428405,-2.6991098,40,0.9413976669311523,36459448.32276495,8770.355
18.035459295526667,-33.12009877029455,-3.1241663,40,0.8803941011428833,36459448.321724966,8770.367
18.035457788810472,-33.120086073815564,-2.6840544,40,0.8740354180335999,36459449.73734482,8770.367
18.035456130172708,-33.120073400273874,-3.2027128,40,0.84562087059021,36459451.15089615,8770.394
18.035455420310218,-33.12006704596296,-2.7134178,40,0.9020825028419495,36459451.85870178,8770.386
18.035453887285396,-33.12005435358935,-2.4494247,40,0.8824464082717896,36459453.27433117,8770.391
18.035451503247103,-33.12003532905639,-2.5939412,40,0.8740354180335999,36459455.39570625,8770.412
18.03545064769655,-33.120028996385265,-3.0266933,40,0.9601287245750427,36459456.10250004,8770.43
18.035449888070577,-33.120022649792716,-2.8583455,40,0.9679508805274963,36459456.80927284,8770.432
18.035449870475347,-33.120022652357406,-2.968836,40,0.957768440246582,36459456.809276655,8770.435
18.035448290810884,-33.12000997055749,-3.0171926,40,0.9709449410438538,36459458.223886564,8770.447
18.035447511520807,-33.12000362700115,-2.9762073,40,0.9703263640403748,36459458.930667,8770.452
18.03544599199926,-33.11999093435163,-2.6529803,40,0.6302282214164734,36459460.34526451,8770.454
18.035442923212276,-33.11996555395831,-2.2097504,40,0.5780702829360962,36459463.175521925,8770.465
18.035441139713424,-33.1199528997304,-3.5604057,40,0.6957293152809143,36459464.58940399,8770.513
18.035440356954275,-33.119946557084155,-3.5537367,40,0.6957259774208069,36459465.29722649,8770.519
18.03543959576068,-33.11994021181071,-3.4134858,40,0.9165611863136292,36459466.004003584,8770.5205
18.035439679798422,-33.119940200080656,-2.8861232,40,0.9782058000564575,36459466.00504571,8770.506
18.03543804565805,-33.11992752443921,-3.310754,40,0.9251159429550171,36459467.4186061,8770.528
18.03543722608431,-33.11992118728806,-3.5412319,40,0.9318435192108154,36459468.12538868,8770.54
18.03542876790615,-33.11985140028057,-2.6830993,40,0.6215938925743103,36459475.90523344,8770.575
18.035420983750804,-33.11978797268169,-2.6749353,40,0.9544618725776672,36459482.97735888,8770.626
18.035420969773202,-33.11978797471918,-2.762706,40,0.9694628715515137,36459482.9773646,8770.629
18.035418682106936,-33.11976893869628,-2.4953885,40,0.8619949221611023,36459485.1018672,8770.636
18.035416246161496,-33.119749924195325,-3.1756973,40,0.8682556748390198,36459487.222237825,8770.669
18.0354146368174,-33.11973724557753,-3.546694,40,0.6789834499359131,36459488.635825634,8770.688
18.035413216795618,-33.11972453981187,-2.7366905,40,0.9563976526260376,36459490.05148935,8770.676
18.035410736302637,-33.119705531196864,-3.7360165,40,0.7173715829849243,36459492.17189646,8770.717
18.03540930586755,-33.119692826134205,-3.010056,40,0.9703256487846375,36459493.58756304,8770.706
18.03540847600953,-33.11968649023621,-3.369834,40,0.9123530983924866,36459494.29437208,8770.721
18.03540771130402,-33.11968014528087,-3.3227923,40,0.9067392349243164,36459495.00116968,8770.724
18.03540083208753,-33.1196230337575,-2.9647808,40,0.8879290223121643,36459501.36865854,8770.753
18.035389424880282,-33.119527831195285,-2.3660676,40,0.895240843296051,36459511.982864276,8770.797
18.03538859636907,-33.11952149397296,-2.769869,40,0.9770268797874451,36459512.689678565,8770.812
18.035387831836346,-33.119515146860195,-2.7736292,40,0.9694628715515137,36459513.396483794,8770.814
18.035387867270416,-33.119515141694876,-2.551128,40,0.9023919105529785,36459513.397522345,8770.809
18.035386282733327,-33.119502455300996,-2.9131453,40,0.9583589434623718,36459514.81219138,8770.826
18.035381718060343,-33.11946436643705,-2.862198,40,0.9694628715515137,36459519.05722369,8770.846
18.035380986842874,-33.11945801413844,-2.6756601,40,0.9023919105529785,36459519.76507224,8770.844
18.035380197104416,-33.11945166979237,-2.858282,40,0.9426477551460266,36459520.47293891,8770.853
18.03538024653118,-33.1194516625872,-2.5479195,40,0.8340598940849304,36459520.47292365,8770.844
18.035379466617808,-33.11944531671058,-2.6709082,40,0.8756473660469055,36459521.180786505,8770.851
18.03537865389557,-33.11943897551721,-3.0019763,40,0.9577674269676208,36459521.887617484,8770.862
18.035377126272138,-33.119426279047666,-3.0563815,40,0.9771066308021545,36459523.303341284,8770.871
18.035375674642165,-33.1194135705296,-2.6413496,40,0.8839901685714722,36459524.72158984,8770.866
18.035374896285557,-33.11940722332785,-2.7665381,40,0.9619010090827942,36459525.42839549,8770.872
18.035371884589104,-33.119381821013725,-2.6507454,40,0.8740366697311401,36459528.259803034,8770.882
18.03536944175977,-33.11936279646382,-3.7422,40,0.7177915573120117,36459530.38129494,8770.92
18.035368654789806,-33.119356450108064,-3.938137,40,0.7171651124954224,36459531.08915637,8770.928
18.035365532960693,-33.11933112084454,-3.1800787,40,0.9165610671043396,36459533.914320685,8770.94
18.03536112718919,-33.11929296358745,-3.116889,40,0.9672285914421082,36459538.16565392,8770.944
18.03535832006135,-33.119267503856925,-2.29558,40,0.6079485416412354,36459541.00123475,8770.925
18.035355263614846,-33.11924207755928,-3.0669968,40,0.914568305015564,36459543.835858084,8770.949
18.035351646037082,-33.11921026289778,-2.7932875,40,0.9124776721000671,36459547.38273479,8770.944
18.03533914700826,-33.11910210330322,-3.3699505,40,0.6789834499359131,36459559.43412353,8770.966
18.03533927245247,-33.119102085016195,-2.5822606,40,0.9694628715515137,36459559.435131565,8770.944
18.035339230712488,-33.11910209110096,-2.8443537,40,0.9544618725776672,36459559.435144916,8770.952
18.035337812682304,-33.11908935616157,-2.6036744,40,0.9533214569091797,36459560.853988186,8770.945
18.035337829335518,-33.119089353733884,-2.4991074,40,0.9641668200492859,36459560.85398246,8770.942
18.03533558750079,-33.119070267673905,-2.865824,40,0.9020825028419495,36459562.98072006,8770.953
18.035328432490378,-33.119006592568,-2.13915,40,0.8714441657066345,36459570.076279886,8770.934
18.035326829029923,-33.11899388126655,-3.0835612,40,0.9070376753807068,36459571.49410463,8770.959
18.035324655912813,-33.11897477918135,-3.0457408,40,0.8803941011428833,36459573.62186123,8770.958
18.035324760932536,-33.11897476387179,-2.3863008,40,0.9293208122253418,36459573.62288738,8770.94
18.0353239811677,-33.118968405011465,-2.7226794,40,0.9679508805274963,36459574.33180023,8770.949
18.03532316434524,-33.118962050963574,-3.291717,40,0.6060354113578796,36459575.04072357,8770.965
18.035318846711093,-33.118923841827915,-3.0497365,40,0.8819354176521301,36459579.297281034,8770.958
18.035316789810874,-33.11890472027155,-2.2899685,40,0.8824464082717896,36459581.42709423,8770.9375
18.035314468655518,-33.11888563535435,-3.1888773,40,0.8819354176521301,36459583.55386043,8770.962
18.03531309064563,-33.11887288760708,-2.7242994,40,0.9694628715515137,36459584.97609754,8770.948
18.035313076459843,-33.11887288967507,-2.8133752,40,0.9544618725776672,36459584.97609778,8770.951
18.03531237051383,-33.11886651791676,-2.687181,40,0.9694628715515137,36459585.68604536,8770.947
18.03531090104366,-33.118853782498775,-2.7957945,40,0.9023919105529785,36459587.10489674,8770.95
18.035307304532804,-33.11882193101329,-2.5782928,40,0.9703263640403748,36459590.65358873,8770.944
18.035306574971372,-33.118815562409175,-2.5985448,40,0.9703263640403748,36459591.36249156,8770.944
18.035305852419434,-33.1188091922073,-2.5740407,40,0.9703263640403748,36459592.072439626,8770.944
18.035300712424284,-33.118764610204636,-2.9046783,40,0.9102864265441895,36459597.0400023,8770.953
18.035299975876804,-33.11875824131892,-2.9638536,40,0.9590904712677002,36459597.749954656,8770.954
18.03529714620672,-33.118732748404696,-2.4624608,40,0.8530212044715881,36459600.58973165,8770.941
18.035293519476248,-33.11870089517056,-2.3825183,40,0.8530212044715881,36459604.14082239,8770.939
18.035285460537104,-33.11863081805356,-2.6246629,40,0.5900487303733826,36459611.949206926,8770.948
18.03528032660296,-33.11858621984248,-2.743023,40,0.571027934551239,36459616.91781197,8770.953
18.03527208482257,-33.118516154860934,-3.889697,40,0.7010922431945801,36459624.7285846,8770.99
18.035271293765344,-33.118509791049995,-4.247651,40,0.7010922431945801,36459625.43749221,8771.001
18.035271380848112,-33.11850977887477,-3.7011886,40,0.7010922431945801,36459625.43853529,8770.985
18.035266490665443,-33.11846513915247,-2.1004043,40,0.6229389309883118,36459630.41130228,8770.947
18.03525838176788,-33.11839504320919,-2.0778956,40,0.6754180192947388,36459638.221802905,8770.957
18.035257678036263,-33.11838866617276,-1.8554115,40,0.6754180192947388,36459638.93174477,8770.952
18.035241779715093,-33.118254895382314,-3.760693,40,0.5663388967514038,36459653.84313512,8771.034
18.03524097519097,-33.1182485307655,-4.12632,40,0.7010922431945801,36459654.55310559,8771.046
18.035240588074846,-33.11824210731618,-1.8702643,40,0.5280522704124451,36459655.2661221,8770.986
18.035239595938215,-33.118235770476794,-3.4100876,40,0.639973521232605,36459655.97404504,8771.03
18.035237282743118,-33.11821666465056,-3.8534527,40,0.6733559370040894,36459658.1039412,8771.048
18.035235364145358,-33.11819750264853,-1.8009222,40,0.5111237168312073,36459660.23686051,8770.998
18.03523067911488,-33.1181592980392,-2.9587955,40,0.579945981502533,36459664.49884695,8771.042
18.035222396983436,-33.118089211522204,-2.950947,40,0.615219235420227,36459672.309432745,8771.068
18.03521964763298,-33.118063689989626,-3.457193,40,0.9235978722572327,36459675.15134692,8771.06
18.03521576806982,-33.11803184860011,-3.2563066,40,0.9210538268089294,36459678.701173544,8771.08
18.035213449728634,-33.1180127415632,-3.0508914,40,0.9626971483230591,36459680.83212066,8771.091
18.03521106897647,-33.11799364456366,-3.2203088,40,0.9606882929801941,36459682.96100783,8771.111
18.03521034355318,-33.11798726879764,-2.8448894,40,0.8756473660469055,36459683.672008276,8771.106
18.035210370021062,-33.11798726493951,-2.6786942,40,0.8756473660469055,36459683.67199683,8771.102
18.03520951179165,-33.1179809089444,-3.1356053,40,0.9601284861564636,36459684.38293503,8771.12
18.035207939727645,-33.117968174598275,-3.136533,40,0.9749113321304321,36459685.80286105,8771.131
18.035207932288106,-33.11796817568271,-3.183247,40,0.9601284861564636,36459685.80286153,8771.132
18.03520644352644,-33.11795542968124,-2.6546102,40,0.8740366697311401,36459687.22383185,8771.129
18.035206265597143,-33.1179554556176,-3.771855,40,0.6304340362548828,36459687.22175212,8771.159
18.035195358627604,-33.11786630584436,-2.9546363,40,0.9413965940475464,36459697.16136046,8771.218
18.035194569590374,-33.11785993944093,-2.9492574,40,0.8756473660469055,36459697.87134142,8771.224
18.035191430947105,-33.11783447379144,-2.8094456,40,0.8756473660469055,36459700.711269096,8771.243
18.0351866697618,-33.11779627973896,-2.9046052,40,0.9102864265441895,36459704.97177206,8771.282
18.035185917337717,-33.117789908128756,-2.659791,40,0.9102864265441895,36459705.681746826,8771.281
18.0351858478786,-33.117789918253486,-3.0959294,40,0.9665195941925049,36459705.68174921,8771.293
18.03518343885186,-33.11777082611329,-3.3110943,40,0.9718637466430664,36459707.810642585,8771.317
18.035182702321414,-33.117764452245645,-2.9641957,40,0.9091254472732544,36459708.52061902,8771.313
18.035177226737908,-33.11771988274064,-2.5336866,40,0.6286554336547852,36459713.49049865,8771.345
18.035173253395786,-33.11768805615511,-2.6094375,40,0.6420461535453796,36459717.03940879,8771.377
18.035152671946854,-33.117522561051416,-2.613165,40,0.6281355023384094,36459735.49536416,8771.535
18.035143873619564,-33.1174525607688,-3.3442285,40,0.9187174439430237,36459743.301342934,8771.619
18.035138427627842,-33.11740799642761,-2.9329662,40,0.5148847103118896,36459748.27221897,8771.647
18.035134390701934,-33.11737618523063,-3.607288,40,0.8803941011428833,36459751.820194036,8771.693
18.035133663954927,-33.1173698113101,-3.2409275,40,0.9601287245750427,36459752.530198365,8771.688
18.035133684619293,-33.117369808298065,-3.1111805,40,0.8803941011428833,36459752.53019455,8771.686
18.03513046196153,-33.11734435935019,-3.6461039,40,0.880393922328949,36459755.36818531,8771.722
18.03513046148122,-33.11734435942021,-3.6491213,40,0.880393922328949,36459755.36818531,8771.722
18.03512577110342,-33.11730616504771,-3.6064086,40,0.5629364848136902,36459759.6272662,8771.752
18.035124230021662,-33.117293430995026,-3.468183,40,0.8697532415390015,36459761.046266824,8771.759
18.035124168771826,-33.117293439922676,-3.8527546,40,0.5871142745018005,36459761.046287805,8771.769
18.035116464243874,-33.11722976884655,-3.2853029,40,0.931168258190155,36459768.14591603,8771.803
18.03511636233738,-33.1172297837003,-3.9251485,40,0.7133772969245911,36459768.14487891,8771.82
18.03510947408532,-33.1171724773152,-3.3298335,40,0.9187167882919312,36459774.53298955,8771.845
18.0351079537946,-33.11715974011965,-3.1588366,40,0.9383264780044556,36459775.953039214,8771.85
18.035104091708146,-33.117127908059125,-3.1637566,40,0.931168258190155,36459779.50214486,8771.871
18.03510330340263,-33.11712154391422,-3.2724438,40,0.9311690926551819,36459780.21113782,8771.878
18.035100893512606,-33.11710245812431,-3.8972554,40,0.702141284942627,36459782.33918767,8771.907
18.03510019161909,-33.117096081442845,-3.4743633,40,0.9145675301551819,36459783.05024533,8771.899
18.035097091689863,-33.11707061787746,-3.6466482,40,0.6810398101806641,36459785.890557066,8771.92
18.035086395764694,-33.1169814757708,-3.6493673,40,0.6657237410545349,36459795.827865854,8771.968
18.035083390638405,-33.11695599814339,-3.4371645,40,0.9122146368026733,36459798.666960016,8771.975
18.035076655316793,-33.116898671821964,-2.975566,40,0.6258884072303772,36459805.05834132,8771.987
18.035075054613593,-33.11688594711667,-3.559289,40,0.6698426008224487,36459806.47632044,8772.008
18.03507206963967,-33.116860467580885,-3.4062338,40,0.9819129705429077,36459809.316458635,8772.014
18.035069701333697,-33.11684137689471,-4.137844,40,0.7173663377761841,36459811.44449418,8772.04
18.035068425596258,-33.11682860475496,-2.7373765,40,0.9020798206329346,36459812.866624765,8772.006
18.035063400803832,-33.11679035305287,-3.2507832,40,0.9601287245750427,36459817.13425725,8772.073
18.03506339067899,-33.11679035452859,-3.314352,40,0.9749115705490112,36459817.1342582,8772.075
18.03506187754357,-33.11677763337991,-3.8568645,40,0.6304340362548828,36459818.552268915,8772.087
18.035061112762595,-33.11677127567422,-4.1855493,40,0.6507651805877686,36459819.26023381,8772.095
18.035057696602177,-33.116739418308434,-3.307844,40,0.8714118599891663,36459822.808293276,8772.064
18.03505755642494,-33.11673943873942,-4.187951,40,0.633857011795044,36459822.80729764,8772.088
18.035055395064603,-33.11672033895885,-4.395839,40,0.7306190729141235,36459824.93720083,8772.089
18.035054240007952,-33.116707565667475,-2.7544827,40,0.6085436940193176,36459826.35831337,8772.041
18.0350492469011,-33.11666299291906,-3.0538802,40,0.9538392424583435,36459831.32333712,8772.036
18.035048482816467,-33.11665663259739,-3.4248996,40,0.9601284861564636,36459832.03233628,8772.044
18.035048475171198,-33.116656633711735,-3.4729018,40,0.9601284861564636,36459832.03233723,8772.045
18.035046947620316,-33.116643913298056,-4.2179737,40,0.6304340362548828,36459833.44929223,8772.062
18.035044228403695,-33.11661842232059,-3.6236677,40,0.9070376753807068,36459836.288367316,8772.036
18.035043610024093,-33.11661204034245,-3.0942364,40,0.9642966985702515,36459836.998380706,8772.02
18.035040605029845,-33.11658658918665,-4.3313103,40,0.7177915573120117,36459839.83438878,8772.044
18.035033760363536,-33.11652286063351,-3.3398695,40,0.9199255704879761,36459846.93358528,8771.992
18.035033568996,-33.116522888006486,-4.541042,40,0.7602052092552185,36459846.931505315,8772.024
18.03503092724704,-33.116497379555,-3.5749974,40,0.9130563139915466,36459849.771621816,8771.988
18.035030249829337,-33.11649100501254,-3.442734,40,0.9730415940284729,36459850.48164951,8771.982
18.035028735645504,-33.116478277867145,-4.180588,40,0.6411102414131165,36459851.8996359,8771.997
18.035028140343112,-33.11647189054857,-3.5348325,40,0.9575729370117188,36459852.61069452,8771.977
18.035028092944593,-33.11647189745698,-3.8324296,40,0.9063852429389954,36459852.609657876,8771.984
18.035019012387593,-33.116389047490145,-3.90617,40,0.9719430208206177,36459861.83793222,8771.95
18.035014835876723,-33.11635079967179,-3.8570688,40,0.9652014374732971,36459866.09924783,8771.933
18.035014198918528,-33.11634441585406,-3.4769506,40,0.9628502130508423,36459866.8103167,8771.92
18.03501348530781,-33.116338044992915,-3.5790374,40,0.8879247903823853,36459867.519297734,8771.919
18.035001598081852,-33.11622964932286,-3.6596313,40,0.930996298789978,36459879.59282459,8771.876
18.034997407316315,-33.11619138007868,-3.5858138,40,0.9191224575042725,36459883.856378935,8771.858
18.034996816048043,-33.11618498557249,-2.8954277,40,0.9150165319442749,36459884.56849008,8771.837
18.034994545473324,-33.11616587340058,-3.9338813,40,0.8735452890396118,36459886.69855677,8771.857
18.034991187655777,-33.116133954525715,-2.9527473,40,0.6682841777801514,36459890.2517749,8771.819
18.034983941249372,-33.11607018182812,-4.175098,40,0.740867018699646,36459897.35721599,8771.831
18.034982549327932,-33.1160574162026,-4.032379,40,0.7592424154281616,36459898.778291814,8771.824
18.034963260414564,-33.11588508180066,-4.1663094,40,0.7315145134925842,36459917.978436515,8771.79
18.0349502232113,-33.11577013904042,-4.056757,40,0.6800019145011902,36459930.78638881,8771.781
18.034938476922846,-33.11566794435388,-3.9241724,40,0.740867018699646,36459942.17281764,8771.788
18.03493027227336,-33.11559767835534,-4.0426073,40,0.7644858956336975,36459950.005435236,8771.807
18.034920287428125,-33.115508417597034,-3.5931544,40,0.756112277507782,36459959.94879175,8771.782
18.034919697010654,-33.11550198527506,-2.3192747,40,0.6392089128494263,36459960.665027864,8771.754
18.03491626619299,-33.11547641047486,-3.8950214,40,0.9282580614089966,36459963.51779009,8771.82
18.03491067589112,-33.115431587403,-3.899253,40,0.8687543869018555,36459968.51865915,8771.864
18.03490773104459,-33.11540593757351,-2.2531781,40,0.8997377753257751,36459971.3765097,8771.847
18.034904457166363,-33.115380334717194,-2.6172693,40,0.8834299445152283,36459974.232325114,8771.884
18.034903695184298,-33.1153739256258,-2.3453014,40,0.8755156397819519,36459974.94653276,8771.883
18.034899721873487,-33.11534190414247,-1.9645516,40,0.8635916709899902,36459978.51761488,8771.908
18.034899709837905,-33.115341905896244,-2.0401196,40,0.8635916709899902,36459978.51761774,8771.91
18.034898004823415,-33.11532911483925,-2.5938306,40,0.8819064497947693,36459979.9450498,8771.939
18.034896203543443,-33.11531633698813,-3.7400122,40,0.8426948189735413,36459981.37147383,8771.985
18.03489545931326,-33.11530992513006,-3.3268044,40,0.8981746435165405,36459982.085686244,8771.981
18.03489471852436,-33.11530351384073,-2.8901215,40,0.8913154006004333,36459982.79989294,8771.978
18.03489140468784,-33.115277918381395,-3.3185747,40,0.8879244923591614,36459985.65784123,8772.019
18.034890682089447,-33.11527150485619,-2.7553878,40,0.9086759090423584,36459986.37205651,8772.011
18.034888207065066,-33.11525231055412,-2.9822826,40,0.9168917536735535,36459988.512632154,8772.04
18.034885083544005,-33.1152266913835,-2.1452565,40,0.6510823965072632,36459991.36951663,8772.049
18.034872664639217,-33.11513074406512,-3.201422,40,0.6943265199661255,36460002.07269599,8772.198
18.034862017556367,-33.115047614647594,-3.2058558,40,0.7112974524497986,36460011.3468866,8772.306
18.034860428575055,-33.11503482548488,-2.894827,40,0.700156033039093,36460012.773286305,8772.314
18.034855510354934,-33.11499647887665,-2.9049463,40,0.7031149864196777,36460017.050453626,8772.365
18.03485209816581,-33.11497094066884,-3.7540698,40,0.8737941980361938,36460019.90022894,8772.421
18.0348463585732,-33.11492622919266,-3.8072088,40,0.873562753200531,36460024.88856623,8772.481
18.034843162691956,-33.114900676673265,-3.3303554,40,0.6948191523551941,36460027.738275625,8772.501
18.034838311742245,-33.11486236848456,-3.0091047,40,0.6163287162780762,36460032.01130781,8772.542
18.03483670877904,-33.11484960033358,-2.8251605,40,0.6163287162780762,36460033.43565855,8772.554
18.03483563395415,-33.11484325671277,-4.4516993,40,0.684686541557312,36460034.14475355,8772.605
18.034835803789704,-33.11484323196986,-3.3854222,40,0.6234732270240784,36460034.14576445,8772.577
18.034833426026637,-33.11482408302797,-2.9610152,40,0.6198040246963501,36460036.281254865,8772.59
18.034829138263294,-33.11479222059197,-4.3267145,40,0.8043509125709534,36460039.837040044,8772.667
18.034827592520088,-33.11477945380418,-3.8234038,40,0.6474235653877258,36460041.260360815,8772.669
18.034826646497812,-33.11477309708881,-4.662634,40,0.6806004643440247,36460041.970514394,8772.699
18.03482426293447,-33.11475396216051,-4.339171,40,0.8066573739051819,36460044.10649992,8772.714
18.03482346133977,-33.114747586381256,-4.280842,40,0.8776615858078003,36460044.81659157,8772.72
18.03480737901194,-33.114620178101326,-3.9953146,40,0.8695580959320068,36460059.02600021,8772.86
18.03480735928011,-33.11462018097587,-4.119195,40,0.7320616245269775,36460059.02600498,8772.863
18.03480416690798,-33.11459472405528,-4.061522,40,0.7162961959838867,36460061.86543483,8772.89
18.034800966178825,-33.11456927480964,-4.1103544,40,0.6507768034934998,36460064.70486825,8772.918
18.03480093183039,-33.11456927981356,-4.325998,40,0.8066573739051819,36460064.704868905,8772.924
18.03479307962973,-33.11450567528145,-3.7703853,40,0.8306468725204468,36460071.796581976,8772.972
18.034787582168303,-33.1144611865744,-3.6241393,40,0.6234732270240784,36460076.75801539,8773.01
18.034785211992062,-33.11444213051793,-3.7129288,40,0.6474235653877258,36460078.8821237,8773.028
18.034784419874416,-33.114435779958676,-3.7640655,40,0.8306468725204468,36460079.59016203,8773.035
18.034778863311345,-33.114391346807174,-4.321321,40,0.8594889640808105,36460084.54712134,8773.087
18.034774287039394,-33.11435325422122,-3.8030496,40,0.7324681878089905,36460088.79321503,8773.103
18.03477272782792,-33.114340566219816,-3.8795884,40,0.8737941980361938,36460090.20824026,8773.113
18.03476953121852,-33.114315208954544,-4.5806794,40,0.8872116208076477,36460093.03622412,8773.15
18.034766609618245,-33.114289820238014,-3.6316557,40,0.7110885977745056,36460095.86521601,8773.141
18.034756943214582,-33.11421351407675,-4.7186666,40,0.7600359916687012,36460104.37681776,8773.243
18.034754851487975,-33.11419457856423,-4.2493763,40,0.9068725109100342,36460106.48629826,8773.231
18.03475412598692,-33.11418827170228,-4.2799544,40,0.8567687273025513,36460107.18911046,8773.232
18.034752632006157,-33.11417566762379,-4.6266427,40,0.7600359916687012,36460108.59369439,8773.241
18.034749227796883,-33.11414411263243,-3.4955695,40,0.832416832447052,36460112.10772914,8773.21
18.034747801022274,-33.11413150366944,-3.4840922,40,0.7110885977745056,36460113.51334971,8773.208
18.03474560798578,-33.11411260027216,-3.8315618,40,0.8597421050071716,36460115.61969966,8773.216
18.034738726523123,-33.114049550937466,-2.5740316,40,0.6163287162780762,36460122.64145774,8773.172
18.0347344538998,-33.11401175600416,-2.9109588,40,0.6163302659988403,36460126.854572855,8773.172
18.034734312631517,-33.11401177606756,-3.7974815,40,0.8043511509895325,36460126.85248955,8773.196
18.034733745588202,-33.114005457170144,-2.9562821,40,0.6163302659988403,36460127.5563341,8773.172
18.0347321644312,-33.11399288408252,-4.090534,40,0.8306471109390259,36460128.95778092,8773.199
18.034732238431236,-33.11399287330049,-3.6259665,40,0.7734426856040955,36460128.958818994,8773.187
18.034730829304024,-33.11398027599112,-3.6941624,40,0.6285476088523865,36460130.36129769,8773.185
18.034728012605402,-33.11395508562261,-3.8627212,40,0.6319778561592102,36460133.167300306,8773.181
18.034697102190353,-33.113671569721085,-3.6464386,40,0.885101318359375,36460164.747495405,8773.044
18.03469711428187,-33.113671568478225,-3.570879,40,0.8355138897895813,36460164.74749517,8773.042
18.034695673053307,-33.11365897037342,-4.0631595,40,0.7292613387107849,36460166.150998585,8773.049
18.034693596722178,-33.11364005809858,-4.270754,40,0.6507768034934998,36460168.25729632,8773.044
18.034684785049954,-33.113558044555106,-4.0620885,40,0.6313701272010803,36460177.39044403,8772.99
18.034682165310855,-33.11353278471479,-3.4318006,40,0.8879367709159851,36460180.20260834,8772.958
18.0346820756579,-33.11353279726349,-3.9943063,40,0.9051414132118225,36460180.20159172,8772.974
18.034681471814576,-33.11352647412225,-3.5160635,40,0.9595257639884949,36460180.905397646,8772.957
18.034681503551486,-33.113526469496165,-3.3168125,40,0.9569814205169678,36460180.90538811,8772.951
18.034681393016008,-33.11352648508888,-4.0104246,40,0.905141294002533,36460180.90437912,8772.97
18.034680054255947,-33.11351385451669,-3.8748956,40,0.9063977599143982,36460182.310985796,8772.959
18.034678039723133,-33.113494905897134,-3.7094147,40,0.9761624336242676,36460184.422391415,8772.943
18.03467556175767,-33.11346960432666,-2.177216,40,0.6268216371536255,36460187.23875284,8772.887
18.034666487498423,-33.11338746170429,-3.5267606,40,0.9319798350334167,36460196.387489796,8772.875
18.034666033674277,-33.11338110326242,-2.0905046,40,0.5387521386146545,36460197.094391346,8772.833
18.034664412226316,-33.113368487576345,-3.6951478,40,0.7136387228965759,36460198.50106382,8772.869
18.034663111025836,-33.11335582468802,-3.285406,40,0.9109114408493042,36460199.91078138,8772.851
18.034659753838866,-33.11332417126285,-2.89053,40,0.9251775741577148,36460203.43509817,8772.822
18.034657724236588,-33.11330517244357,-2.7303088,40,0.8819030523300171,36460205.55304761,8772.808
18.03465635131328,-33.11329250579555,-2.739799,40,0.8819030523300171,36460206.962784246,8772.801
18.034656177395487,-33.11329253062899,-3.8313553,40,0.6285476088523865,36460206.96174951,8772.83
18.034654899366927,-33.113279847424195,-3.2380722,40,0.8879405856132507,36460208.37357159,8772.808
18.034653684496387,-33.113267152652,-2.241276,40,0.5113588571548462,36460209.78642531,8772.773
18.034652143659542,-33.113254502082825,-3.2830596,40,0.9634968042373657,36460211.19617815,8772.795
18.03465082652741,-33.113241816512954,-2.9128199,40,0.916102409362793,36460212.60799046,8772.778
18.03464800905658,-33.11321646190264,-3.2968328,40,0.9691372513771057,36460215.43268891,8772.776
18.034646122966684,-33.113197405924105,-2.1374187,40,0.6005326509475708,36460217.55350609,8772.735
18.034645200239037,-33.113191095137516,-3.592365,40,0.971433162689209,36460218.258430675,8772.771
18.034644543342257,-33.113184744842606,-3.376042,40,0.9191318154335022,36460218.96537514,8772.763
18.034643190728364,-33.11317204811443,-3.1803646,40,0.9180680513381958,36460220.37927361,8772.752
18.034642412384933,-33.11316571324058,-3.7194037,40,0.9754653573036194,36460221.08521004,8772.764
18.03463972098686,-33.11314030445102,-3.2014635,40,0.9677278995513916,36460223.916525856,8772.737
18.034637544276706,-33.1131212622895,-3.7791665,40,0.7320565581321716,36460226.03739415,8772.745
18.034636865670546,-33.11311490718016,-3.672141,40,0.9319124221801758,36460226.745394334,8772.739
18.03463627240036,-33.11310854072759,-3.0279427,40,0.9714325666427612,36460227.45338713,8772.72
18.034632780471373,-33.11307676068991,-3.0575275,40,0.9319798350334167,36460230.9933766,8772.707
18.034631405650554,-33.11306404056415,-2.9124815,40,0.9139032363891602,36460232.40936695,8772.698
18.034628507470945,-33.1130386118445,-3.5201635,40,0.6891132593154907,36460235.24241768,8772.705
18.034627135704753,-33.11302588112993,-3.3207674,40,0.6674960851669312,36460236.66049515,8772.695
18.034624356623816,-33.1130004151607,-3.1090584,40,0.9714325666427612,36460239.49665104,8772.681
18.03461983941227,-33.11295617761909,-2.3092518,40,0.9009802341461182,36460244.42283723,8772.622
18.03461524857428,-33.11291776540575,-3.4315457,40,0.7082293033599854,36460248.70427272,8772.655
18.03461454322764,-33.112911352424724,-3.232693,40,0.9694895148277283,36460249.418539494,8772.65
18.03460850926702,-33.112860077691565,-3.9892628,40,0.7318375110626221,36460255.1327295,8772.676
18.03460852319858,-33.11286007566056,-3.9017951,40,0.7318375110626221,36460255.13272664,8772.674
18.03460183999165,-33.11280232136785,-3.8733916,40,0.650752067565918,36460261.56851956,8772.682
18.034600613602127,-33.1127894425014,-2.2126937,40,0.5112310647964478,36460263.002204865,8772.64
18.034599650372176,-33.11278305362307,-3.5763075,40,0.8879234790802002,36460263.717095986,8772.678
18.0345989939679,-33.11277661900854,-3.0107784,40,0.9673846364021301,36460264.433457404,8772.663
18.03459661348962,-33.11275737122843,-3.880837,40,0.6473987102508545,36460266.57941392,8772.691
18.034596672242145,-33.11275736318281,-3.512314,40,0.8879234790802002,36460266.58045629,8772.682
18.034596604456958,-33.11275737254521,-3.9375482,40,0.6473987102508545,36460266.5794144,8772.692
18.034595964430153,-33.11275093433233,-3.2599027,40,0.8879234790802002,36460267.29681733,8772.676
18.03459367956403,-33.11273166670763,-3.500686,40,0.8879234790802002,36460269.44382051,8772.687
18.034592361660955,-33.11271878916452,-2.36021,40,0.8579902648925781,36460270.877571136,8772.659
18.034591338075256,-33.11271240229813,-4.075498,40,0.650752067565918,36460271.590839416,8772.707
18.034590007935147,-33.11269952418989,-2.9985423,40,0.9623269438743591,36460273.02563575,8772.681
18.03458929434143,-33.11269309126403,-2.761228,40,0.9688224196434021,36460273.74199203,8772.676
18.034587712005,-33.112680247192365,-3.254534,40,0.9191203117370605,36460275.173695594,8772.693
18.034584661030785,-33.112654538920964,-3.5032196,40,0.9207518100738525,36460278.039180785,8772.707
18.034583907846436,-33.11264810837597,-3.4995255,40,0.9207504987716675,36460278.75555137,8772.709
18.034580180688593,-33.11261594749345,-3.2108986,40,0.9713467955589294,36460282.33948615,8772.711
18.03457795332902,-33.11259664581667,-2.9596455,40,0.9702364206314087,36460284.4921848,8772.71
18.03457718772527,-33.112590214549876,-3.0177007,40,0.9705080986022949,36460285.20959656,8772.714
18.03457583983839,-33.112577324967894,-1.9781764,40,0.5670201778411865,36460286.64441137,8772.689
18.034574923755475,-33.11257091428934,-2.97569,40,0.9702128767967224,36460287.35974173,8772.719
18.03457345676092,-33.11255803998688,-2.6739914,40,0.9063355922698975,36460288.79456334,8772.715
18.034572660668974,-33.11255161160125,-2.9138317,40,0.9559103846549988,36460289.510934874,8772.724
18.034571186651352,-33.11253873694082,-2.6471748,40,0.8817816972732544,36460290.945757434,8772.721
18.034570368808584,-33.112532311079676,-3.0191927,40,0.9570331573486328,36460291.6621366,8772.733
18.034568839305727,-33.112519443793154,-3.0927756,40,0.9770570993423462,36460293.09697108,8772.739
18.034568815539036,-33.11251944725713,-3.2419908,40,0.898173987865448,36460293.096974894,8772.744
18.034566587694947,-33.11250013414171,-2.9246368,40,0.9570348858833313,36460295.248171374,8772.742
18.03456650397559,-33.11250014634343,-3.4502578,40,0.6234646439552307,36460295.248189494,8772.756
18.03456277604887,-33.1124679585198,-2.9913385,40,0.9759983420372009,36460298.83422713,8772.756
18.034558235533858,-33.112429342220395,-2.8281906,40,0.9219725728034973,36460303.13875441,8772.767
18.034555204492438,-33.112403595284164,-2.7250273,40,0.6966793537139893,36460306.0098014,8772.773
18.034550604903757,-33.112364984720614,-2.8833184,40,0.9181695580482483,36460310.31326963,8772.794
18.03454914955671,-33.112352102774956,-2.4420993,40,0.6494342684745789,36460311.74914695,8772.787
18.0345391593478,-33.112268462522415,-2.8735256,40,0.9091939330101013,36460321.071505085,8772.834
18.03453231739545,-33.11221056795952,-2.698646,40,0.6966793537139893,36460327.52640194,8772.854
18.034526994706685,-33.112165553802974,-2.5822945,40,0.8833078145980835,36460332.543151796,8772.869
18.034526178520796,-33.11215913251635,-2.9175487,40,0.9678558707237244,36460333.25954431,8772.881
18.034523157011417,-33.11213341506835,-2.73644,40,0.9417169094085693,36460336.12507433,8772.887
18.034522422071138,-33.11212698428559,-2.564779,40,0.9417169094085693,36460336.84145349,8772.885
18.034519401796036,-33.11210127598002,-2.389783,40,0.9288462996482849,36460339.70699018,8772.891
18.03451780286561,-33.11208843627473,-2.863576,40,0.945207417011261,36460341.138747156,8772.909
18.034517112615447,-33.11208200143036,-2.416196,40,0.9278671145439148,36460341.85511106,8772.899
18.03451706786736,-33.11208200794986,-2.6971333,40,0.9570331573486328,36460341.85512632,8772.907
18.034515490810698,-33.11206916777151,-3.0386806,40,0.8879234790802002,36460343.286883295,8772.922
18.034514054655443,-33.11205630985203,-2.4998655,40,0.9570331573486328,36460344.72067231,8772.912
18.03451316014448,-33.112049907098196,-3.339496,40,0.6269018650054932,36460345.43601388,8772.9375
18.034500343096667,-33.11194079600978,-2.7892342,40,0.6778651475906372,36460357.59577161,8772.965
18.034496452736796,-33.11190875236219,-3.4582236,40,0.7110885977745056,36460361.16731626,8772.995
18.03449661239837,-33.11190872962232,-2.4561925,40,0.9498012661933899,36460361.16935331,8772.968
18.03449657393785,-33.11190873470588,-2.6973045,40,0.9702966213226318,36460361.16936666,8772.975
18.034492045167156,-33.111870284429486,-2.6765997,40,0.9702966213226318,36460365.45605577,8772.987
18.034491394960675,-33.1118638634824,-2.0226617,40,0.9040533304214478,36460366.17139328,8772.972
18.03449057188803,-33.11185746787147,-2.4553864,40,0.9502485394477844,36460366.88464797,8772.985
18.03448976542091,-33.11185106951368,-2.7849324,40,0.9605362415313721,36460367.597903855,8772.997
18.034488281232687,-33.11183825858775,-2.6428604,40,0.9648727774620056,36460369.02545226,8772.997
18.034486681310103,-33.111825466803985,-3.2343202,40,0.6234732270240784,36460370.45197118,8773.018
18.03448531528863,-33.111812644270906,-2.3651218,40,0.8616046905517578,36460371.87950624,8772.998
18.034484526086995,-33.1118062492441,-2.5998955,40,0.9571200609207153,36460372.592765935,8773.006
18.034484554119636,-33.111806245679674,-2.424252,40,0.9282627105712891,36460372.59276117,8773.001
18.034480723795113,-33.11177426609934,-2.9021478,40,0.8819030523300171,36460376.15696538,8773.023
18.034478531994683,-33.11175507080361,-2.5443947,40,0.957120954990387,36460378.29567922,8773.02
18.03447789012848,-33.11174866145634,-1.8725412,40,0.8635446429252625,36460379.009950764,8773.003
18.03447781646073,-33.111748672187595,-2.3350396,40,0.8616005182266235,36460379.00892652,8773.016
18.034477761695854,-33.11174867964598,-2.678512,40,0.9674534797668457,36460379.008943684,8773.025
18.034477069527977,-33.11174227886234,-2.324886,40,0.8920519948005676,36460379.72113908,8773.018
18.03447413392564,-33.11171670410483,-1.977267,40,0.8947423696517944,36460382.5710193,8773.015
18.03447409830947,-33.11171670929297,-2.2008717,40,0.8924353718757629,36460382.57103074,8773.0205
18.034474055490563,-33.11171671553036,-2.4696946,40,0.9437820911407471,36460382.57000268,8773.028
18.034471680672404,-33.111697107964346,-1.8304032,40,0.8922744989395142,36460384.75866023,8773.033
18.034470871491834,-33.111690759257364,-2.3249626,40,0.9029315710067749,36460385.466688305,8773.047
18.03447079698521,-33.11169076959112,-2.7923722,40,0.9177889227867126,36460385.465645224,8773.06
18.03446434886152,-33.11163354609698,-2.1070478,40,0.9018059372901917,36460391.84101573,8773.044
18.034461419372846,-33.1116081427426,-2.2602668,40,0.8996539115905762,36460394.67208281,8773.049
18.034461365586832,-33.11160815005821,-2.5975924,40,0.978681743144989,36460394.671048075,8773.058
18.034457052239038,-33.11157005772592,-2.3866217,40,0.9479184150695801,36460398.91502753,8773.052
18.034456342584424,-33.11156370971248,-2.300654,40,0.6418541669845581,36460399.62200633,8773.05
18.03445488737415,-33.111551021531795,-2.360804,40,0.6510823965072632,36460401.03597537,8773.051
18.034451323003932,-33.11151930130376,-2.0842423,40,0.5662589073181152,36460404.57162029,8773.042
18.034449894790388,-33.111506618387345,-2.0035567,40,0.5471320152282715,36460405.984533675,8773.04
18.034449106991595,-33.11150028866865,-2.4289086,40,0.8044295310974121,36460406.690471776,8773.051
18.034446262954447,-33.1114749316235,-2.221871,40,0.5113588571548462,36460409.51525272,8773.044
18.03444607484967,-33.11147495850572,-3.40247,40,0.6234734058380127,36460409.51318324,8773.076
18.03444541390998,-33.111468613566906,-3.0412955,40,0.7930103540420532,36460410.2201587,8773.065
18.034443373445217,-33.11144959193591,-2.3319573,40,0.511350691318512,36460412.33794797,8773.045
18.03444319898871,-33.11144961683037,-3.4268706,40,0.6269229650497437,36460412.336931355,8773.074
18.03444200704778,-33.111436914170184,-1.9063592,40,0.5506448149681091,36460413.749802716,8773.032
18.03443832025327,-33.111405269721125,-2.5751004,40,0.9166476130485535,36460417.2763635,8773.048
18.03443762713615,-33.1113989361415,-2.436545,40,0.8524274230003357,36460417.98229135,8773.043
18.034437432697377,-33.11139896394782,-3.6569138,40,0.7083666920661926,36460417.9802543,8773.076
18.034434766839397,-33.111373622664374,-2.4531891,40,0.8666563034057617,36460420.801850446,8773.041
18.034434130530737,-33.111367283602966,-1.9667909,40,0.561644434928894,36460421.50775827,8773.026
18.034433356737498,-33.11136096559007,-2.3455904,40,0.605127215385437,36460422.21162141,8773.036
18.034427681999727,-33.11131036115077,-2.195686,40,0.6268216371536255,36460427.8514927,8773.025
18.034426157080933,-33.11129773045321,-2.8412006,40,0.6544541716575623,36460429.25918561,8773.041
18.034425523361246,-33.111291397596396,-2.358355,40,0.6117929220199585,36460429.96406394,8773.026
18.034424010718826,-33.111278767429596,-2.9356031,40,0.658149242401123,36460431.371759236,8773.04
18.034423383797545,-33.111272434951495,-2.414584,40,0.8666563034057617,36460432.076633275,8773.025
18.034419851430954,-33.11124083442302,-2.3264928,40,0.622454822063446,36460435.59687883,8773.018
18.034409829544593,-33.11115242603614,-3.0806394,40,0.6948191523551941,36460445.44834513,8773.0205
18.034409937423483,-33.11115241083851,-2.4037004,40,0.8924353718757629,36460445.4493869,8773.002
18.034409253372548,-33.111146093730234,-2.2667885,40,0.929236888885498,36460446.15217895,8772.997
18.034408415508093,-33.1111397992957,-3.096617,40,0.6234732270240784,36460446.85497994,8773.018
18.03440780170515,-33.11113347307647,-2.5211883,40,0.881901741027832,36460447.55881304,8773.001
18.03440779869093,-33.11113347351564,-2.540112,40,0.881901741027832,36460447.55881304,8773.001
18.0344070190355,-33.111127170713125,-3.0062993,40,0.8834264874458313,36460448.26161284,8773.013
18.034406355054717,-33.111120851383305,-2.7472959,40,0.9460704326629639,36460448.96440167,8773.004
18.034406425998206,-33.111120841566425,-2.3022466,40,0.929236888885498,36460448.96544022,8772.992
18.034405059948476,-33.11110821023789,-2.027075,40,0.9200948476791382,36460450.37206406,8772.981
18.034404284635993,-33.111101908896536,-2.4706979,40,0.8924353718757629,36460451.074865766,8772.992
18.03440428055522,-33.11110190949108,-2.4963171,40,0.9086734652519226,36460451.074865766,8772.993
18.034401504792754,-33.11107665776324,-2.2356699,40,0.929236888885498,36460453.8870706,8772.98
18.034400843626432,-33.11107034052494,-1.9669071,40,0.8635446429252625,36460454.59089846,8772.972
18.034400805153314,-33.111070346130624,-2.2084513,40,0.9282627105712891,36460454.58986182,8772.978
18.034397989628896,-33.11104510373671,-2.214134,40,0.9282627105712891,36460457.40206904,8772.972
18.034396595927614,-33.111032482394315,-2.1339319,40,0.9435455799102783,36460458.80764479,8772.967
18.03439523158351,-33.1110198570126,-1.8720422,40,0.5662589073181152,36460460.214259095,8772.956
18.034392321326074,-33.11099463462954,-2.4964042,40,0.9618702530860901,36460463.02440543,8772.967
18.034392212568584,-33.11099464995806,-3.178867,40,0.7145670652389526,36460463.023400255,8772.985
18.03439161967615,-33.110988325534734,-2.4911518,40,0.915009617805481,36460463.72916968,8772.965
18.034391641075192,-33.1109883224168,-2.3568022,40,0.9490846395492554,36460463.72916962,8772.962
18.03439080192483,-33.110982033049915,-3.2152967,40,0.7145670652389526,36460464.43091616,8772.983
18.034390216111483,-33.11097570793201,-2.4845498,40,0.9173226952552795,36460465.13475004,8772.962
18.03438946528628,-33.110969406412224,-2.789967,40,0.916102409362793,36460465.836496145,8772.969
18.034388691488964,-33.11096310839055,-3.2401738,40,0.7117231488227844,36460466.5392907,8772.979
18.034388011551886,-33.11095679679467,-3.1016145,40,0.9207630157470703,36460467.24208024,8772.974
18.034385346237954,-33.11093154626762,-2.2123392,40,0.9498012661933899,36460470.05322316,8772.942
18.034384627680183,-33.11092524070528,-2.318513,40,0.9505158066749573,36460470.75601295,8772.943
18.034384586133108,-33.11092524675931,-2.579359,40,0.9173226952552795,36460470.75601867,8772.951
18.0343838805053,-33.11091893985118,-2.6050806,40,0.9618702530860901,36460471.45776132,8772.95
18.034381059011743,-33.110893710151196,-2.7034469,40,0.9138971567153931,36460474.26891664,8772.945
18.034379692856646,-33.1108810897055,-2.4749875,40,0.8616005182266235,36460475.674483806,8772.937
18.034378979975912,-33.11087478360966,-2.548094,40,0.881901741027832,36460476.37622884,8772.937
18.034378253221195,-33.11086847954183,-2.708539,40,0.945314347743988,36460477.07902101,8772.939
18.03437622434833,-33.11084954572426,-2.2408838,40,0.9282627105712891,36460479.18736127,8772.921
18.034375486695293,-33.110843242724926,-2.4701376,40,0.8616046905517578,36460479.89016011,8772.926
18.034373960814747,-33.110830644444796,-3.2468507,40,0.6234734058380127,36460481.2936807,8772.943
18.03437343676039,-33.11082431121293,-2.1360624,40,0.9282670021057129,36460481.99849942,8772.911
18.034372730320364,-33.110818003994424,-2.1700788,40,0.9282670021057129,36460482.70128682,8772.91
18.034370634002094,-33.110799079032915,-2.128014,40,0.9423456192016602,36460484.81070156,8772.904
18.034370517136825,-33.110799095543655,-2.861383,40,0.9460704326629639,36460484.809658594,8772.924
18.03436849040658,-33.11078015943541,-2.3822548,40,0.8920459151268005,36460486.919059105,8772.906
18.03436842012842,-33.11078016915757,-2.8231351,40,0.9083794355392456,36460486.91801817,8772.918
18.03436781264213,-33.11077384800621,-2.236487,40,0.9483940601348877,36460487.62184245,8772.9
18.03436709272418,-33.11076754214399,-2.354955,40,0.9490846395492554,36460488.3246289,8772.901
18.034365709922945,-33.11075492178763,-2.2334616,40,0.9497633576393127,36460489.73019559,8772.895
18.034365008727107,-33.11074861334193,-2.234326,40,0.9497633576393127,36460490.432979174,8772.893
18.03436423314472,-33.11074231513576,-2.7017186,40,0.916102409362793,36460491.134727545,8772.904
18.03436419535354,-33.11074232012387,-2.9386332,40,0.9618702530860901,36460491.134733744,8772.91
18.03436284194736,-33.110729696926796,-2.632903,40,0.9168917536735535,36460492.54029519,8772.898
18.03436216158852,-33.11072338491393,-2.5021555,40,0.9168917536735535,36460493.24307496,8772.894
18.03435727560809,-33.11067921099486,-2.351846,40,0.9498012661933899,36460498.1635967,8772.877
18.034356572136467,-33.11067290052167,-2.3633816,40,0.9497808814048767,36460498.86638028,8772.876
18.034353088457653,-33.11064134067962,-2.2035792,40,0.9497808814048767,36460502.38132722,8772.863
18.034352388286425,-33.110635028467506,-2.191723,40,0.9497808814048767,36460503.08515412,8772.861
18.03435166144335,-33.11062871935404,-2.3462718,40,0.9498012661933899,36460503.78910616,8772.863
18.0343488146972,-33.11060347437583,-2.580888,40,0.9177889227867126,36460506.60232717,8772.863
18.03434817923727,-33.11059715127411,-2.1594234,40,0.9498012661933899,36460507.30614978,8772.85
18.034345354767648,-33.11057189786564,-2.242024,40,0.9498012661933899,36460510.1193648,8772.846
18.034342592495477,-33.110546630390736,-1.9228121,40,0.8944787979125977,36460512.93361193,8772.831
18.034341848327742,-33.11054032058959,-2.1776834,40,0.92138671875,36460513.63639742,8772.836
18.034341715635573,-33.11054033941079,-3.0104322,40,0.7515490055084229,36460513.63537794,8772.858
18.034340404215417,-33.11052769409172,-2.4077687,40,0.8924353718757629,36460515.04300982,8772.839
18.034338979428373,-33.11051506494233,-2.5142927,40,0.9083794355392456,36460516.44962031,8772.839
18.034339032268758,-33.11051505724042,-2.1825366,40,0.9435455799102783,36460516.450653136,8772.83
18.034337527588093,-33.11050243651535,-2.785998,40,0.9086734652519226,36460517.857281744,8772.843
18.034336933236858,-33.11049610310049,-2.0948267,40,0.9200948476791382,36460518.56212145,8772.823
18.03433626458034,-33.11048977969708,-1.8689609,40,0.6753749251365662,36460519.26593405,8772.815
18.03433550640758,-33.11048346899641,-2.204226,40,0.9437820911407471,36460519.96873003,8772.822
18.03433126416273,-33.110445552491626,-2.2695136,40,0.9342532753944397,36460524.19503999,8772.815
18.034331325030784,-33.11044554361969,-1.8873565,40,0.8739201426506042,36460524.19503927,8772.806
18.034330603532148,-33.11043952023186,-2.464917,40,0.8616046905517578,36460524.86644447,8772.815
18.03432919546227,-33.11042684120069,-2.3807192,40,0.8616046905517578,36460526.27932072,8772.811
18.034328576915257,-33.11042048838805,-1.8001244,40,0.6002816557884216,36460526.98627567,8772.794
18.034327155223163,-33.110407807997454,-1.7943277,40,0.6002816557884216,36460528.39914894,8772.792
18.034324152999705,-33.11038246703796,-2.7677803,40,0.881901741027832,36460531.22282553,8772.813
18.03432212632292,-33.11036342446842,-2.0735333,40,0.8979464173316956,36460533.34368801,8772.792
18.034321416426856,-33.110357080996174,-2.0552928,40,0.9200948476791382,36460534.049601555,8772.79
18.034317781182207,-33.11032537019398,-2.4850667,40,0.916102409362793,36460537.583372116,8772.797
18.03431498467217,-33.110299980567554,-2.1078858,40,0.9285003542900085,36460540.41119194,8772.783
18.03431408661716,-33.11029366005654,-3.2587543,40,0.7110885977745056,36460541.1161232,8772.813
18.03431349618569,-33.11028729534908,-2.4776945,40,0.9029315710067749,36460541.825136185,8772.791
18.034313516059427,-33.11028729245199,-2.3529184,40,0.9498012661933899,36460541.825128555,8772.788
18.03431198850219,-33.110274610883515,-2.9627593,40,0.8141512870788574,36460543.238040924,8772.803
18.03431066715527,-33.11026189858359,-2.2734065,40,0.9505981206893921,36460544.655353084,8772.782
18.034308553706182,-33.11024284577395,-2.0549285,40,0.926676869392395,36460546.77831878,8772.774
18.034307139717324,-33.11023014318512,-1.9347918,40,0.9063441753387451,36460548.19327916,8772.77
18.03430351280748,-33.110198392220624,-2.1883647,40,0.9505877494812012,36460551.731212035,8772.772
18.034301324832928,-33.11017933882087,-2.3991485,40,0.9044229388237,36460553.853139296,8772.776
18.034299943231836,-33.110166623929565,-2.049665,40,0.9285003542900085,36460555.270181075,8772.766
18.034296323283396,-33.11013485320618,-2.1937757,40,0.9490846395492554,36460558.809163466,8772.768
18.03429561391515,-33.110128495829585,-2.1267748,40,0.9435455799102783,36460559.51716556,8772.765
18.034295574461346,-33.11012850158104,-2.3744855,40,0.9435455799102783,36460559.517177,8772.771
18.034293403326878,-33.11010943403112,-2.4359057,40,0.889835774898529,36460561.64119853,8772.771
18.0342927139513,-33.110103072295495,-2.2379723,40,0.9423456192016602,36460562.35023822,8772.766
18.034292739301677,-33.1101030686,-2.0788097,40,0.9181228876113892,36460562.35023059,8772.762
18.0342912784457,-33.11009035595345,-2.1941698,40,0.9282627105712891,36460563.7686816,8772.764
18.034290518900725,-33.11008400530619,-2.434067,40,0.8616005182266235,36460564.47668563,8772.7705
18.034289815339346,-33.110077644700986,-2.3200884,40,0.9282627105712891,36460565.18468879,8772.767
18.034289119728914,-33.11007128210469,-2.154503,40,0.9282627105712891,36460565.89373706,8772.762
18.03428763964914,-33.110058568820016,-2.3770838,40,0.929236888885498,36460567.310791954,8772.768
18.034286151440213,-33.11004585485707,-2.6448872,40,0.9086734652519226,36460568.72784875,8772.774
18.034283260474073,-33.110020411831215,-2.62842,40,0.9086734652519226,36460571.56195758,8772.772
18.034283323110266,-33.11002040270031,-2.2351553,40,0.9437820911407471,36460571.56299327,8772.762
18.034282452371944,-33.1100140625196,-3.1566863,40,0.7112974524497986,36460572.269975886,8772.787
18.03428115275996,-33.110001317343276,-2.2217112,40,0.9483940601348877,36460573.689096674,8772.762
18.03427756939673,-33.109969496125665,-1.9582027,40,0.8947423696517944,36460577.23433612,8772.754
18.034276751919936,-33.10996314561344,-2.5342474,40,0.8834264874458313,36460577.94236587,8772.77
18.03427609723073,-33.10995677105379,-2.0868134,40,0.9181228876113892,36460578.6524422,8772.757
18.034275114822606,-33.10995044391653,-3.6955771,40,0.6474235653877258,36460579.3584349,8772.801
18.034273967056983,-33.10993767019381,-1.7794262,40,0.8469980955123901,36460580.77957843,8772.749
18.034273122695662,-33.109931322039245,-2.5172908,40,0.8819030523300171,36460581.48762439,8772.769
18.03427296247094,-33.109931344877104,-3.5229206,40,0.6234796047210693,36460581.48663448,8772.796
18.034272492458605,-33.1099249423644,-1.909375,40,0.8635620474815369,36460582.197688326,8772.752
18.034270977217155,-33.109912219175534,-2.288764,40,0.936560332775116,36460583.618252665,8772.763
18.03427089062896,-33.10991223179813,-2.8324127,40,0.881901741027832,36460583.61720707,8772.777
18.03427015273111,-33.10990586691346,-2.8962789,40,0.915009617805481,36460584.32625744,8772.779
18.034268017921576,-33.10988675898711,-2.5842857,40,0.9618702530860901,36460586.45549777,8772.771
18.034267279145343,-33.1098803935383,-2.6484535,40,0.916102409362793,36460587.16454843,8772.773
18.034266620601574,-33.10987401562338,-2.2071693,40,0.9502485394477844,36460587.87463859,8772.762
18.034265861322226,-33.1098676540371,-2.3983214,40,0.9029315710067749,36460588.5836902,8772.767
18.03426516414015,-33.10986128118573,-2.196844,40,0.9497808814048767,36460589.293782264,8772.762
18.03426441731957,-33.10985491577196,-2.3059845,40,0.9497808814048767,36460590.00283435,8772.765
18.034260776878945,-33.10982306802314,-2.240935,40,0.9498012661933899,36460593.55122045,8772.765
18.034257862672114,-33.10979758614774,-2.1764433,40,0.9498012661933899,36460596.3905597,8772.765
18.0342578731306,-33.109797584623166,-2.11078,40,0.9285003542900085,36460596.39055684,8772.763
18.034254116259863,-33.10976574254744,-2.7155774,40,0.9624516367912292,36460599.93898538,8772.781
18.03425347286298,-33.10975935764795,-2.1545267,40,0.9497633576393127,36460600.65010217,8772.767
18.034253514529645,-33.109759351573956,-1.8929212,40,0.9031729698181152,36460600.65008691,8772.76
18.03425188880178,-33.10974663094241,-2.8951476,40,0.916102409362793,36460602.069295436,8772.788
18.034251266310825,-33.10974024227695,-2.1988313,40,0.9435455799102783,36460602.78040269,8772.77
18.034248924182638,-33.10972114449068,-3.0821366,40,0.6234732270240784,36460604.911026746,8772.796
18.034247558814087,-33.10970838215559,-2.4330008,40,0.8616046905517578,36460606.332262546,8772.779
18.034247525763192,-33.10970838697364,-2.6405127,40,0.8819030523300171,36460606.332264215,8772.785
18.034246173876916,-33.109695622269065,-1.9018146,40,0.8753340244293213,36460607.75349453,8772.767
18.03424535294276,-33.10968926120954,-2.4411664,40,0.8739067316055298,36460608.462552816,8772.781
18.034245376042055,-33.1096892578422,-2.2961357,40,0.935087263584137,36460608.46255091,8772.777
18.034243925838986,-33.10967650617775,-2.166875,40,0.6059494018554688,36460609.8837879,8772.775
18.03424245261962,-33.10966375703257,-2.1769109,40,0.6059454679489136,36460611.30398205,8772.777
18.03424164129464,-33.109657393527655,-2.6494417,40,0.945314347743988,36460612.01409176,8772.791
18.034241603924748,-33.10965739897528,-2.88407,40,0.881901741027832,36460612.01409748,8772.798
18.0342402214582,-33.109644637318155,-2.3179834,40,0.9437820911407471,36460613.43532494,8772.784
18.034239536222604,-33.10963825435405,-1.994668,40,0.8944787979125977,36460614.14541271,8772.776
18.034239512513086,-33.1096382578103,-2.1435306,40,0.6508241295814514,36460614.14541748,8772.78
18.034237267211438,-33.10961913588962,-2.356728,40,0.6753073334693909,36460616.27676895,8772.788
18.03423648610562,-33.109612765660295,-2.6299572,40,0.9605362415313721,36460616.98688057,8772.797
18.03423576969497,-33.109606386300015,-2.4960728,40,0.915008544921875,36460617.69802025,8772.794
18.034234973813867,-33.10960001834411,-2.8599036,40,0.915009617805481,36460618.40709141,8772.805
18.03423509296591,-33.109600000974936,-2.1118011,40,0.5861753225326538,36460618.40915039,8772.784
18.03423427609081,-33.10959363638479,-2.6065462,40,0.916102409362793,36460619.11822918,8772.799
18.034233582680148,-33.10958725313889,-2.324554,40,0.9502485394477844,36460619.82936123,8772.792
18.03423055378677,-33.10956175518134,-2.7865465,40,0.9168917536735535,36460622.6708453,8772.809
18.034227619560436,-33.109536241730495,-2.6353762,40,0.9618702530860901,36460625.51566838,8772.81
18.034226850225377,-33.10952986857693,-2.8195524,40,0.915009617805481,36460626.22681473,8772.815
18.034224715313144,-33.109510721550706,-2.2772539,40,0.929236888885498,36460628.35919808,8772.805
18.0342224954876,-33.10949158611469,-2.2580233,40,0.9282627105712891,36460630.4915881,8772.808
18.034222455212603,-33.109491591985666,-2.51089,40,0.881901741027832,36460630.491593346,8772.814
18.034221779829764,-33.109485203181244,-2.096397,40,0.5096918940544128,36460631.20272921,8772.805
18.034221775689385,-33.10948520378479,-2.1223917,40,0.5096918940544128,36460631.202730164,8772.805
18.034219428737586,-33.10946608481031,-2.8873816,40,0.881901741027832,36460633.33410023,8772.83
18.034218725544537,-33.10945970051815,-2.6437101,40,0.8973893523216248,36460634.04524182,8772.824
18.034217996637445,-33.10945331937056,-2.5600486,40,0.8973893523216248,36460634.756386265,8772.823
18.034217312713952,-33.10944693154742,-2.1928506,40,0.6516807675361633,36460635.46752213,8772.814
18.034216596600302,-33.10944054830107,-2.0266716,40,0.9200948476791382,36460636.178663716,8772.812
18.034215816352827,-33.109434176707474,-2.263828,40,0.9437820911407471,36460636.889821514,8772.819
18.03421507200271,-33.109427797353625,-2.2727792,40,0.936560332775116,36460637.59992646,8772.821
18.03421499873184,-33.109427808034276,-2.7328122,40,0.9491217136383057,36460637.59994553,8772.834
18.034210606500213,-33.109389518963624,-2.3006616,40,0.9435060024261475,36460641.865787014,8772.83
18.03420910476973,-33.10937676065803,-2.3847778,40,0.5487159490585327,36460643.28809689,8772.836
18.034205430753886,-33.10934485210348,-2.0736275,40,0.9279585480690002,36460646.84505809,8772.835
18.034204694624865,-33.109338470748945,-2.017116,40,0.9279585480690002,36460647.556204446,8772.835
18.034204626021804,-33.109338480749145,-2.4478428,40,0.690071165561676,36460647.55621017,8772.847
18.0341986196956,-33.10928744069654,-2.6958427,40,0.9085874557495117,36460653.24436963,8772.867
18.034198606351687,-33.10928744264163,-2.7796235,40,0.9085874557495117,36460653.24437345,8772.869
18.034197941064566,-33.10928104941758,-2.2693772,40,0.9278671145439148,36460653.95550836,8772.856
18.034198007239667,-33.109281039771496,-1.8538957,40,0.622398853302002,36460653.956540234,8772.846
18.034197174782793,-33.10927467134622,-2.3926964,40,0.8612141013145447,36460654.66666425,8772.862
18.034197190223086,-33.10927466909556,-2.295755,40,0.9278671145439148,36460654.666660435,8772.859
18.034197065669737,-33.109274687251144,-3.0777645,40,0.6234520077705383,36460654.66564191,8772.881
18.034195716122415,-33.10926190476659,-2.173099,40,0.9278671145439148,36460656.088960774,8772.859
18.034194948989313,-33.10925552667604,-2.2992017,40,0.9288462996482849,36460656.80011762,8772.864
18.034192636784546,-33.109236394212125,-2.7407043,40,0.9149218201637268,36460658.932555325,8772.882
18.034187444874373,-33.109191722217474,-2.46776,40,0.6223278641700745,36460663.91279434,8772.888
18.034168734503844,-33.10903223603153,-2.1856987,40,0.5552548766136169,36460681.68749927,8772.932
18.034162639557604,-33.1089812805198,-2.5861313,40,0.8771738409996033,36460687.36835221,8772.963
18.03413821334931,-33.10877744999045,-4.3515196,40,0.7292613387107849,36460710.0908864,8773.093
18.034130158302183,-33.10870732969959,-2.8267324,40,0.627694308757782,36460717.90430431,8773.079
18.03412341801617,-33.10864997794133,-2.545502,40,0.918457567691803,36460724.298177786,8773.094
18.034111277380582,-33.10854803896754,-3.1283166,40,0.6918067932128906,36460735.66020704,8773.148
18.03409776787041,-33.10843332360744,-3.0394597,40,0.5079169273376465,36460748.44722621,8773.187
18.034095492766625,-33.10841420650161,-3.196309,40,0.6957509517669678,36460750.57762258,8773.196
18.03408570054061,-33.108331354755585,-3.5520844,40,0.9191318154335022,36460759.81148927,8773.232
18.034085018414125,-33.108324970667134,-3.1393518,40,0.9191318154335022,36460760.52265184,8773.223
18.034046349749357,-33.107993408059265,-3.2906153,40,0.540105938911438,36460797.47550426,8773.303
18.03399325621035,-33.107527307244894,-3.0441365,40,0.8744925856590271,36460849.41242314,8773.291
18.03398969639079,-33.10749535974568,-2.8340619,40,0.7277807593345642,36460852.97042323,8773.281
18.03398522543762,-33.10745705508337,-3.8614507,40,0.5368322134017944,36460857.23965312,8773.303
18.033932427480448,-33.106984702027745,-3.509312,40,0.5782008767127991,36460909.863635294,8773.196
18.033927425555166,-33.10694007262747,-3.600986,40,0.5615842342376709,36460914.835587256,8773.189
18.033926041903573,-33.10692731649176,-3.3417525,40,0.7586525082588196,36460916.25583433,8773.18
18.033924611603705,-33.106914568476526,-3.375297,40,0.5808131098747253,36460917.67609095,8773.178
18.033906148183927,-33.10674889915396,-2.945615,40,0.6509336233139038,36460936.13252804,8773.132
18.033887809378832,-33.106583248927215,-1.731411,40,0.6795006990432739,36460954.585816525,8773.065
18.031284226624127,-33.08264869631122,0.039679408,40,0.5040866136550903,36463620.41543888,8761.243
18.031284219733845,-33.082648697315065,-0.003646344,40,0.5254789590835571,36463620.41544079,8761.244
18.03128348979242,-33.08264233495236,0.035281375,40,0.6436063647270203,36463621.12460636,8761.244
18.03128348119057,-33.08264233620555,-0.018807948,40,0.486082524061203,36463621.12460827,8761.245
18.03128274727894,-33.08263597458091,-0.0066736937,40,0.6380783915519714,36463621.83377766,8761.246
18.031282745688003,-33.082635974812696,-0.016679406,40,0.486082524061203,36463621.83273434,8761.246
18.031282744026598,-33.08263597505473,-0.027124435,40,0.4281090199947357,36463621.83273434,8761.246
18.031282751504595,-33.08263597396529,0.01989676,40,0.6301798820495605,36463621.83377575,8761.245
18.0312827609837,-33.08263597258431,0.07950008,40,0.7000621557235718,36463621.83377194,8761.243
18.03128201926951,-33.082629612622895,0.044373274,40,0.6450289487838745,36463622.54453008,8761.245
18.03128204015407,-33.08262960958028,0.17569566,40,0.5488883256912231,36463622.54452993,8761.242
18.031282032344812,-33.08262961071798,0.12659,40,0.6416779160499573,36463622.54452999,8761.243
18.03128203493206,-33.08262961034104,0.14286044,40,0.6242144703865051,36463622.54452999,8761.242
18.03128201922324,-33.08262961262964,0.044083223,40,0.6450289487838745,36463622.54453008,8761.245
18.03128200885663,-33.082629614139904,-0.021102369,40,0.486082524061203,36463622.543485746,8761.247
18.03128127251111,-33.08262325312459,-0.022346795,40,0.486082524061203,36463623.25264858,8761.248
18.03128056686434,-33.08261688780044,0.16753243,40,0.5766296982765198,36463623.961810574,8761.244
18.031280554923303,-33.082616889540084,0.09244496,40,0.6834026575088501,36463623.96181093,8761.246
18.031280548441813,-33.08261689048435,0.051689923,40,0.6450289487838745,36463623.96181117,8761.247
18.03127981514413,-33.082610528825775,0.06988734,40,0.6906200647354126,36463624.67097424,8761.247
18.031279095636755,-33.0826041663025,0.17402883,40,0.5409182906150818,36463625.379091725,8761.245
18.031279091531726,-33.08260416638127,0.14856884,40,0.5989934802055359,36463625.3790922,8761.246
18.031279065484597,-33.082604170176005,-0.015216231,40,0.6289870738983154,36463625.37909363,8761.251
18.0312790677048,-33.08260416985256,-0.0012549013,40,0.6365538835525513,36463625.37909363,8761.25
18.031279097689556,-33.08260416600344,0.18693797,40,0.5184023976325989,36463625.379091725,8761.245
18.03127835927374,-33.082597805860004,0.17243221,40,0.5448180437088013,36463626.08825491,8761.246
18.031276877091976,-33.08258508677607,0.10748623,40,0.6411685347557068,36463627.50553821,8761.25
18.031276884046378,-33.08258508576289,0.15121724,40,0.5788342356681824,36463627.50553773,8761.249
18.031276878421007,-33.08258508658244,0.1158454,40,0.616980254650116,36463627.50553821,8761.25
18.031276151207575,-33.08257872576658,0.17096971,40,0.5187873244285583,36463628.2147014,8761.249
18.031276130084176,-33.08257872832472,0.03849703,40,0.6158031821250916,36463628.21470378,8761.253
18.031275417112198,-33.08257236560607,0.18106782,40,0.4961969256401062,36463628.92282079,8761.25
18.031275416327045,-33.08257236572044,0.1761311,40,0.5187873244285583,36463628.92282079,8761.25
18.031275402838016,-33.08257236716636,0.09166214,40,0.6568496823310852,36463628.9228227,8761.252
18.031275410612764,-33.08257236603367,0.14055026,40,0.5730640888214111,36463628.922821745,8761.251
18.031274664615502,-33.08256600821621,0.07712822,40,0.6590217351913452,36463629.63198684,8761.254
18.03127320686581,-33.08255328712104,0.16549699,40,0.5151747465133667,36463631.0492699,8761.253
18.03127320360915,-33.08255328759551,0.14501923,40,0.5739414691925049,36463631.04927085,8761.254
18.03127320276843,-33.0825532871987,0.14008251,40,0.5739414691925049,36463631.04927085,8761.254
18.031273197056095,-33.08255328803092,0.104164675,40,0.6123590469360352,36463631.04927181,8761.255
18.03127320941777,-33.08255328674927,0.18154278,40,0.4925805926322937,36463631.049268946,8761.253
18.0312731909324,-33.082553288923044,0.065659046,40,0.6697314381599426,36463631.04927276,8761.256
18.03127172788692,-33.082540569198706,0.11758201,40,0.5640848278999329,36463632.466557726,8761.256
18.03127100290175,-33.08253420912462,0.18471803,40,0.39388507604599,36463633.17467712,8761.255
18.0312710044949,-33.08253420889249,0.1947351,40,0.3753322958946228,36463633.174676165,8761.255
18.031270990757598,-33.08253421037457,0.10870777,40,0.5664757490158081,36463633.17467998,8761.257
18.03118397825092,-33.081772843113406,-1.354567,40,0.5527304410934448,36463718.01234411,8761.284
18.031177109448297,-33.081709402939424,-0.5331396,40,0.3803108036518097,36463725.07939648,8761.239
18.031177102432526,-33.08170940396171,-0.5772544,40,0.4030839800834656,36463725.079396956,8761.24
18.031176422110118,-33.08170305869836,-0.47145036,40,0.4809960722923279,36463725.78646826,8761.235
18.031176415156985,-33.08170305971153,-0.51517284,40,0.3555704355239868,36463725.78646874,8761.236
18.031174988271907,-33.08169037862369,-0.7254581,40,0.49877652525901794,36463727.1985259,8761.237
18.031174990483347,-33.08169037830146,-0.71155363,40,0.49877652525901794,36463727.1985259,8761.236
18.03117421022804,-33.081684047427004,-1.2431662,40,0.509846568107605,36463727.904562466,8761.248
18.031173643592123,-33.08167768534133,-0.4327314,40,0.42658182978630066,36463728.61266374,8761.224
18.031172907253282,-33.08167134792126,-0.69244677,40,0.7870146632194519,36463729.31869506,8761.228
18.031172951056924,-33.081671341538296,-0.41700375,40,0.42658182978630066,36463729.318688385,8761.221
18.03116944704827,-33.08163962806247,-0.64803636,40,0.769873321056366,36463732.850909226,8761.213
18.031168754467053,-33.081633284331346,-0.65131223,40,0.8085455894470215,36463733.55797576,8761.21
18.03116868226202,-33.081633294853134,-1.1053491,40,0.6736931800842285,36463733.5569477,8761.222
18.031166700321762,-33.08161424734247,-0.5318033,40,0.3459683060646057,36463735.677084915,8761.197
18.031166673353002,-33.08161425127243,-0.7013868,40,0.8337751030921936,36463735.677092545,8761.202
18.03116321448045,-33.08158252774502,-0.7860758,40,0.5273869633674622,36463739.21033668,8761.1875
18.03116323310919,-33.08158252503035,-0.6689337,40,0.781229555606842,36463739.210330956,8761.185
18.031161172829183,-33.08156348980047,-0.66484565,40,0.7708190083503723,36463741.33048057,8761.174
18.031160385522988,-33.08155715838576,-1.3009115,40,0.6866697072982788,36463742.03653907,8761.1875
18.031156272711243,-33.081519078799474,-1.3445896,40,0.5386344194412231,36463746.278578475,8761.166
18.031150867468725,-33.08146828890775,-1.0877812,40,0.6408284306526184,36463751.93403216,8761.127
18.031150834018735,-33.08146829378232,-1.2981195,40,0.6442340016365051,36463751.93403883,8761.133
18.03114887915784,-33.08144923570139,-0.7993728,40,0.5065643787384033,36463754.05519934,8761.106
18.03114743659656,-33.08143655021991,-1.360663,40,0.6649306416511536,36463755.46829291,8761.112
18.031146836929732,-33.081430189329716,-0.8803672,40,0.5645638704299927,36463756.17637415,8761.095
18.031146132108308,-33.08142384366438,-1.0661415,40,0.5619337558746338,36463756.88343783,8761.095
18.031144809373636,-33.08141113878671,-0.8971455,40,0.5595672726631165,36463758.29754038,8761.081
18.031143396707375,-33.08139844750672,-1.3086672,40,0.6246804594993591,36463759.71166773,8761.083
18.031142137592415,-33.08138573285271,-0.7654024,40,0.8002892732620239,36463761.12574358,8761.059
18.031142045158575,-33.08138574632331,-1.346651,40,0.6538642048835754,36463761.125777915,8761.074
18.03114141818333,-33.08137938845097,-1.065165,40,0.6244572401046753,36463761.83281298,8761.062
18.03113873730925,-33.08135398316151,-1.055083,40,0.657341718673706,36463764.664100274,8761.041
18.031138769747542,-33.08135397843429,-0.85110176,40,0.5424485802650452,36463764.664098606,8761.035
18.031137425436405,-33.08134127488265,-0.8883013,40,0.6654295325279236,36463766.07820831,8761.026
18.031136749948548,-33.081334923173955,-0.9340186,40,0.6629339456558228,36463766.785261974,8761.022
18.031136051339924,-33.08132857468307,-1.1266996,40,0.6410296559333801,36463767.49231754,8761.022
18.031136084905437,-33.08132856979152,-0.9156288,40,0.6654295325279236,36463767.493358955,8761.017
18.031134749076376,-33.08131586300147,-0.9256684,40,0.6419974565505981,36463768.907461986,8761.006
18.031134094018142,-33.08130950776208,-0.85392845,40,0.815175473690033,36463769.615554675,8760.998
18.031133380852015,-33.081303161336265,-1.1510416,40,0.535953164100647,36463770.3215674,8761.001
18.031132755764013,-33.08129680145816,-0.8971144,40,0.8376141786575317,36463771.029653415,8760.988
18.03113208358419,-33.08129044832508,-0.9439863,40,0.8382530808448792,36463771.736702785,8760.984
18.031130662908435,-33.08127775321228,-1.524211,40,0.6140839457511902,36463773.15081583,8760.988
18.031130110173272,-33.08127138225904,-0.8293068,40,0.8279068470001221,36463773.85992418,8760.964
18.031129403642435,-33.08126503356189,-1.1030946,40,0.5071666836738586,36463774.566979274,8760.966
18.03112939147605,-33.08126503533497,-1.1796025,40,0.5325291156768799,36463774.566982135,8760.968
18.031129435158938,-33.08126502896885,-0.90490884,40,0.8386526703834534,36463774.5669726,8760.96
18.031128757206986,-33.08125867548698,-1.001771,40,0.8626688122749329,36463775.27401911,8760.957
18.031128156864355,-33.08125231105409,-0.61551887,40,0.4512069523334503,36463775.982090816,8760.94
18.031127425734695,-33.08124596552313,-1.0532672,40,0.8646162748336792,36463776.68915163,8760.946
18.031126793881608,-33.08123960586428,-0.8701185,40,0.9137680530548096,36463777.39722811,8760.936
18.03112678185166,-33.08123960761746,-0.9457662,40,0.9196727275848389,36463777.39723192,8760.9375
18.031126045460656,-33.08123326257211,-1.4227544,40,0.8937839865684509,36463778.1042956,8760.944
18.031125420807793,-33.081226901119244,-1.2016481,40,0.7253928780555725,36463778.81236826,8760.933
18.03112478314752,-33.08122054140235,-1.0638944,40,0.8244799971580505,36463779.519401416,8760.923
18.031121546782437,-33.081188747632254,-0.72411287,40,0.6984808444976807,36463783.06115255,8760.882
18.03112081002623,-33.081182401519285,-1.2291323,40,0.7775115370750427,36463783.76819858,8760.89
18.031119987145935,-33.08117606775815,-2.2772272,40,0.591293215751648,36463784.474205226,8760.911
18.031120172263314,-33.08117604129963,-1.1134915,40,0.8078341484069824,36463784.475240916,8760.88
18.03111951534561,-33.08116968324715,-1.1209861,40,0.8064400553703308,36463785.18332741,8760.873
18.031118948398433,-33.081163311956665,-0.5671255,40,0.3452914357185364,36463785.8924503,8760.852
18.03111887198045,-33.08116332309339,-1.0476717,40,0.8939554691314697,36463785.89141199,8760.865
18.03111751840817,-33.08115061206091,-1.3273852,40,0.7349898815155029,36463787.30653855,8760.859
18.031116982812197,-33.08114423623345,-0.5841124,40,0.5123109221458435,36463788.01565215,8760.832
18.031114758452485,-33.08112541578438,-1.6684514,40,0.7149234414100647,36463790.11277339,8760.853
18.031114908475523,-33.08112539391999,-0.72504145,40,0.7030266523361206,36463790.11379382,8760.827
18.03111363735694,-33.08111263929909,-0.6052302,40,0.572090208530426,36463791.53412101,8760.809
18.031112278002578,-33.0810998959925,-1.05121,40,0.6779341697692871,36463792.952373,8760.805
18.031111651363197,-33.08109351663252,-0.94440657,40,0.689787745475769,36463793.662531346,8760.794
18.03111027101652,-33.08108077651125,-1.5386243,40,0.7703188061714172,36463795.080788106,8760.794
18.03111037973388,-33.081080760666744,-0.85495424,40,0.350780189037323,36463795.08180472,8760.776
18.031109108293137,-33.08106800369354,-0.7764983,40,0.37754955887794495,36463796.50211474,8760.758
18.03110139348185,-33.08099146549278,-1.0672933,40,0.438541054725647,36463805.0215998,8760.666
18.031093711065573,-33.0809149134666,-1.5124266,40,0.7565798163414001,36463813.541315585,8760.574
18.031093589338035,-33.080914931207126,-2.2779267,40,0.6970486640930176,36463813.54029992,8760.595
18.031093053855443,-33.08090853602881,-1.670661,40,0.9649741649627686,36463814.25146535,8760.569
18.031091889628378,-33.08089575965851,-1.0505272,40,0.4379088878631592,36463815.67276147,8760.534
18.03109178899383,-33.08089577432491,-1.6833825,40,0.9583667516708374,36463815.67174485,8760.552
18.031077949630955,-33.08075537846179,-1.856338,40,0.9576120972633362,36463831.29700856,8760.351
18.031074230631894,-33.080717083429114,-1.6952413,40,0.9470433592796326,36463835.55772595,8760.288
18.031072928142816,-33.08070432984678,-2.0490851,40,0.6184595823287964,36463836.97692685,8760.278
18.03107236471308,-33.08069793987811,-1.6749246,40,0.9519559144973755,36463837.68806653,8760.259
18.031071703734064,-33.08069156372059,-1.9152199,40,0.9574225544929504,36463838.397145316,8760.255
18.031059282100372,-33.08056394614373,-1.9301283,40,0.9175201654434204,36463852.59913732,8760.057
18.031054979469964,-33.08051928516309,-1.7268533,40,0.914324164390564,36463857.56769849,8759.98
18.03105434164482,-33.08051290901102,-1.8453479,40,0.9195107221603394,36463858.277792946,8759.973
18.031046312365607,-33.08042999926237,-1.7681637,40,0.6483187079429626,36463867.50417465,8759.839
18.031042003780183,-33.080385365049196,-1.6400772,40,0.8270849585533142,36463872.470564306,8759.765
18.03104129538245,-33.08037900308342,-2.205429,40,0.5649788975715637,36463873.178571165,8759.77
18.03104005388419,-33.08036625472538,-2.2339933,40,0.5649788975715637,36463874.59767574,8759.75
18.03103950621999,-33.080359869970486,-1.7878466,40,0.9372197389602661,36463875.30668396,8759.729
18.03103082873735,-33.08027065694279,-1.8587736,40,0.6291698813438416,36463885.23513919,8759.59
18.031017205641152,-33.08013055536622,-1.6012971,40,0.48391395807266235,36463900.823919594,8759.367
18.031014043297823,-33.080098740754906,-1.884805,40,0.5844975113868713,36463904.36649526,8759.327
18.03101342232068,-33.08009237696058,-1.8652393,40,0.5844975113868713,36463905.07445491,8759.316
18.031010289321895,-33.080060568461064,-1.9251277,40,0.519690215587616,36463908.61423362,8759.271
18.031009035417824,-33.080047846532764,-1.9425309,40,0.48981985449790955,36463910.030134805,8759.253
18.030997734649844,-33.07993339517056,-1.8935807,40,0.6307026743888855,36463922.768036336,8759.09
18.030993303088117,-33.07988891437619,-1.9407632,40,0.5408937931060791,36463927.71838465,8759.03
18.03098631748364,-33.07981884637169,-1.9650934,40,0.5591100454330444,36463935.516022116,8758.937
18.03098119900324,-33.07976822723995,-2.007176,40,0.6562935709953308,36463941.149083525,8758.876
18.030980607975362,-33.079761894097416,-1.6950899,40,0.795213520526886,36463941.85384312,8758.86
18.030980565585875,-33.07976190027615,-1.9617188,40,0.7878546714782715,36463941.85386029,8758.867
18.030976115222902,-33.079717615046896,-1.6730083,40,0.7882254123687744,36463946.78500808,8758.809
18.030970878176518,-33.079667033245336,-2.136434,40,0.5006659030914307,36463952.41491664,8758.764
18.03096576338256,-33.07961644173896,-1.6589634,40,0.6272168159484863,36463958.04577983,8758.697
18.030916254405643,-33.07914845543547,-1.9241381,40,0.8991844058036804,36464010.15882972,8758.34
18.030915581001604,-33.07914212184548,-1.8370273,40,0.8991844058036804,36464010.863575965,8758.335
18.03091283056556,-33.07911679219659,-1.8147359,40,0.8949207663536072,36464013.68465331,8758.321
18.030911479765617,-33.079104120597314,-1.6305944,40,0.6118447780609131,36464015.096227676,8758.311
18.030893340182818,-33.078939316249354,-1.7592764,40,0.5237707495689392,36464033.4540425,8758.251
18.030879879606545,-33.078818690431476,-1.8705784,40,0.6680476069450378,36464046.892298274,8758.224
18.03084675278269,-33.078526002113115,-1.9570457,40,0.8044081330299377,36464079.50267839,8758.201
18.03083626755738,-33.078436328674194,-2.752956,40,0.8654991984367371,36464089.49769295,8758.234
18.03083330432163,-33.0784106856748,-2.7216063,40,0.8606129884719849,36464092.35530079,8758.237
18.030831163658018,-33.07839143601011,-2.1697366,40,0.8485610485076904,36464094.49979294,8758.226
18.03083032925878,-33.07838503639061,-2.7437165,40,0.8606129884719849,36464095.212914355,8758.242
18.030826662359917,-33.078352959092435,-2.4202335,40,0.8645796179771423,36464098.78779591,8758.239
18.030823667055927,-33.078327301488244,-2.5340955,40,0.5549585223197937,36464101.64647282,8758.247
18.03081634739507,-33.07826310393449,-1.7008022,40,0.6382792592048645,36464108.80153058,8758.236
18.0308147204021,-33.078250285069885,-2.5532885,40,0.8754857778549194,36464110.23087857,8758.262
18.030811758711664,-33.078224600202816,-2.4136796,40,0.8662280440330505,36464113.09267018,8758.264
18.030804327684177,-33.07816037854686,-2.2189658,40,0.8177069425582886,36464120.24873898,8758.2705
18.030787197789337,-33.07801262916355,-2.0848074,40,0.8242402672767639,36464136.71482565,8758.295
18.0307826712471,-33.077974091238445,-2.4658427,40,0.5939577221870422,36464141.01018145,8758.312
18.030781251957887,-33.07796123233064,-2.0364573,40,0.8499515056610107,36464142.44468429,8758.302
18.03077892766672,-33.07794197304623,-2.629326,40,0.6064826846122742,36464144.59130075,8758.32
18.030773818764906,-33.077896994652946,-2.0765185,40,0.9590519666671753,36464149.60284736,8758.3125
18.03077084714266,-33.077871302213424,-2.116768,40,0.9592137336730957,36464152.465702794,8758.316
18.03077008088317,-33.077864882281936,-2.2767925,40,0.9585286974906921,36464153.18090036,8758.321
18.030761256413125,-33.077787810623036,-1.9903891,40,0.8561021089553833,36464161.76843145,8758.321
18.030756805692665,-33.077749292641606,-2.181212,40,0.8734813332557678,36464166.06263158,8758.329
18.030754580236888,-33.07773003659802,-2.3021529,40,0.8725652098655701,36464168.208208054,8758.333
18.03075233576288,-33.07771078692347,-2.561173,40,0.946824848651886,36464170.35274693,8758.341
18.030750190057137,-33.077691525625575,-2.2172842,40,0.9523422718048096,36464172.498313874,8758.331
18.030750195244547,-33.077691524869515,-2.1846523,40,0.9523422718048096,36464172.49831292,8758.331
18.030750149305568,-33.07769153156501,-2.4736257,40,0.8770981431007385,36464172.49832246,8758.339
18.030748709818408,-33.07767869524492,-2.3127072,40,0.9523422718048096,36464173.92870328,8758.334
18.030747179990275,-33.07766587197171,-2.727724,40,0.838512122631073,36464175.35701653,8758.346
18.03074499841559,-33.07764662194909,-2.6539564,40,0.9283635020256042,36464177.502596825,8758.343
18.03073341059186,-33.07754400948892,-2.3213942,40,0.835685670375824,36464188.93615305,8758.328
18.030732639936407,-33.07753760639823,-2.6135256,40,0.5086033940315247,36464189.64926254,8758.336
18.030726183228495,-33.077479929235515,-2.3460073,40,0.835685670375824,36464196.074488275,8758.321
18.03069767233798,-33.077223989455575,-2.601118,40,0.5106197595596313,36464224.58801701,8758.261
18.03069005959415,-33.07715400564713,-2.8160658,40,0.5229166150093079,36464232.38193824,8758.229
18.030680431735487,-33.07706500363054,-3.1919935,40,0.5288990139961243,36464242.295472145,8758.185
18.030679810234496,-33.07705863969018,-2.8224564,40,0.5049391984939575,36464243.004384905,8758.17
18.030654875312987,-33.076823678653355,-3.0397048,40,0.8507503867149353,36464269.1675322,8757.999
18.030652214209038,-33.07679829284623,-3.0235257,40,0.8507503867149353,36464271.99371218,8757.978
18.0306468790261,-33.07674752635894,-3.1593235,40,0.9295110106468201,36464277.64604353,8757.937
18.030558118332937,-33.07588942601495,-5.2370496,40,0.5730072855949402,36464373.17975884,8757.113
18.030557439377247,-33.07588303678466,-5.358015,40,0.5730072855949402,36464373.89171677,8757.11
18.030556857793478,-33.07587663301368,-4.865472,40,0.7031065225601196,36464374.603648,8757.091
18.030553553191925,-33.075844666862295,-4.8855343,40,0.7031065225601196,36464378.16234475,8757.059
18.030545832378568,-33.07576788528577,-3.5178185,40,0.5139853358268738,36464386.709614255,8756.946
18.03053523300545,-33.07566549067021,-3.3891795,40,0.5113064646720886,36464398.10893343,8756.844
18.030524811080223,-33.075563006172665,-1.86124,40,0.6890403032302856,36464409.51775131,8756.707
18.030523428220143,-33.07555020402665,-2.1537912,40,0.6884992718696594,36464410.943690866,8756.704
18.03052279599527,-33.0755437938154,-1.9255977,40,0.7255710959434509,36464411.65769157,8756.691
18.030518078258254,-33.07549896321157,-2.1349914,40,0.6964541673660278,36464416.64842948,8756.657
18.030516030231194,-33.07547974991711,-2.3699899,40,0.6938466429710388,36464418.787318796,8756.647
18.030486372046646,-33.07519783015604,-2.1597157,40,0.7143710255622864,36464450.17974967,8756.412
18.030485587974304,-33.075191438015636,-2.819089,40,0.8770981431007385,36464450.892710865,8756.425
18.030482330991383,-33.07515938505943,-1.9259782,40,0.8941806554794312,36464454.46051711,8756.377
18.030478194497157,-33.07512095588374,-2.249211,40,0.8895075917243958,36464458.73920077,8756.358
18.030470041133686,-33.07504409383382,-2.017878,40,0.5523040294647217,36464467.2999355,8756.298
18.03045901954499,-33.07494166244339,-2.4027808,40,0.6467868685722351,36464478.70684639,8756.241
18.030451458680744,-33.074871268518194,-2.4079552,40,0.5570787191390991,36464486.54750928,8756.197
18.030443877573088,-33.0748009039653,-2.4215522,40,0.8412712812423706,36464494.382371515,8756.156
18.030441099419896,-33.07477532811083,-2.5338845,40,0.8514370322227478,36464497.23093185,8756.145
18.03043957771614,-33.07476249830596,-3.6371994,40,0.6649603247642517,36464498.66099796,8756.163
18.030427954221807,-33.07465390229386,-2.5586708,40,0.8495651483535767,36464510.75526092,8756.079
18.03042277151911,-33.07460926778349,-4.5487432,40,0.6380635499954224,36464515.72905872,8756.111
18.03042139378382,-33.074596503292696,-4.463747,40,0.6380631327629089,36464517.15071819,8756.104
18.030324241470378,-33.07370654634718,-2.9048703,40,0.5481369495391846,36464616.27750555,8755.679
18.030306326152367,-33.073541894747464,-3.0786018,40,0.5874146223068237,36464634.61595559,8755.601
18.03027780179411,-33.07327620263733,-2.1261466,40,0.6311160922050476,36464664.20705299,8755.423
18.03026213998852,-33.0731308254092,-2.610701,40,0.7536444067955017,36464680.39617424,8755.344
18.030250045621354,-33.0730169855175,-2.391693,40,0.6643935441970825,36464693.07354807,8755.258
18.0302386196996,-33.07290941276038,-2.5308423,40,0.6605448722839355,36464705.052848235,8755.182
18.03023195269278,-33.072846090922944,-2.406589,40,0.5838180184364319,36464712.10297789,8755.128
18.03022924588355,-33.072820759142736,-2.6341002,40,0.6605448722839355,36464714.92406191,8755.113
18.030222577171138,-33.07275739198412,-2.643116,40,0.8733343482017517,36464721.9814721,8755.062
18.030178735621906,-33.07233811838938,-2.956352,40,0.5954893231391907,36464768.66332107,8754.695
18.03017876242037,-33.072338114482136,-2.787704,40,0.5858335494995117,36464768.66331678,8754.69
18.030174706158157,-33.07229990741343,-3.2914762,40,0.5508964657783508,36464772.91717153,8754.669
18.03017152248882,-33.072268027211834,-2.467632,40,0.8444856405258179,36464776.465459876,8754.616
18.030166572510684,-33.072223596950415,-3.0062191,40,0.948905348777771,36464781.41437345,8754.612
18.030166663039076,-33.07222358375098,-2.436492,40,0.938771665096283,36464781.41538244,8754.597
18.03016599881751,-33.07221719659165,-2.5249496,40,0.9537310004234314,36464782.12826759,8754.592
18.030164023198594,-33.07219802973879,-2.681109,40,0.9576915502548218,36464784.262483366,8754.574
18.030163408744734,-33.07219163333379,-2.4546478,40,0.943936288356781,36464784.97423173,8754.561
18.030163348452188,-33.07219164212467,-2.8340878,40,0.8698145151138306,36464784.973191984,8754.571
18.030145160397975,-33.07201249163192,-2.3012698,40,0.8442486524581909,36464804.91594712,8754.355
18.030127308662365,-33.071839460646025,-2.5662694,40,0.5515189170837402,36464824.17934992,8754.184
18.030122686438375,-33.07179455500858,-2.3224046,40,0.7789092659950256,36464829.17805817,8754.134
18.03012001292344,-33.071768892697875,-2.3269033,40,0.7789092659950256,36464832.03534033,8754.11
18.03011936366129,-33.07176247392514,-2.2009413,40,0.7789092659950256,36464832.74913218,8754.102
18.030105721660995,-33.07163412880808,-3.1706376,40,0.5747273564338684,36464847.04202565,8754.0205
18.030105638683796,-33.071634140384695,-3.6925218,40,0.6027970314025879,36464847.04099139,8754.034
18.030093982441738,-33.071524983938176,-3.8436425,40,0.7555404901504517,36464859.19524153,8753.962
18.030093345227886,-33.07151855481313,-3.5153387,40,0.8387659192085266,36464859.91109618,8753.949
18.030091890493445,-33.07150572084982,-3.9812002,40,0.7578083276748657,36464861.34077986,8753.954
18.030089879966564,-33.07148644559782,-3.572732,40,0.7220849394798279,36464863.48891876,8753.932
18.030048101858824,-33.07110759350142,-2.289139,40,0.6705014705657959,36464905.69017219,8753.782
18.030047985685442,-33.07110761043148,-3.020318,40,0.8387659192085266,36464905.68913793,8753.803
18.030047287179332,-33.071101188365965,-2.8145144,40,0.6509431004524231,36464906.404999726,8753.797
18.030043514553757,-33.07106912363871,-3.4894078,40,0.8566403985023499,36464909.97808074,8753.815
18.03004211331291,-33.07105628278368,-3.0523732,40,0.6887293457984924,36464911.408758156,8753.805
18.030041986090026,-33.07105630132303,-3.853094,40,0.6163238883018494,36464911.40773868,8753.826
18.03004055447239,-33.07104346596259,-3.5915172,40,0.8566403985023499,36464912.83737945,8753.82
18.030039872396397,-33.07103704286543,-3.2419007,40,0.8219609260559082,36464913.55219173,8753.811
18.030037602392504,-33.07101780859378,-3.5786293,40,0.5880346894264221,36464915.69563674,8753.822
18.030033168862925,-33.070979332060936,-3.4777095,40,0.5880346894264221,36464919.983552925,8753.825
18.030028390521913,-33.07093435786241,-2.9891279,40,0.6965044736862183,36464924.99333249,8753.786
18.030025365980954,-33.070908733451176,-2.5737267,40,0.6077138781547546,36464927.84948574,8753.791
18.030025220412963,-33.07090875466244,-3.4899163,40,0.6177052855491638,36464927.84741722,8753.815
18.03002435756557,-33.07090236402366,-4.0479655,40,0.6472477912902832,36464928.56121193,8753.835
18.030010630427025,-33.07078712204946,-2.1773179,40,0.6696966886520386,36464941.40623318,8753.866
18.030007474227073,-33.07076154118367,-2.2998528,40,0.8707407712936401,36464944.2610442,8753.89
18.029990194009052,-33.070620911560525,-1.8689265,40,0.8022476434707642,36464959.94057196,8754.0
18.029989210548358,-33.070614551165264,-3.0766711,40,0.5483337640762329,36464960.651322536,8754.038
18.02998308173764,-33.07056343130552,-1.7614847,40,0.795213520526886,36464966.35159488,8754.051
18.02997516514244,-33.07049960156102,-1.6698123,40,0.7534220218658447,36464973.46878953,8754.108
18.029975069736075,-33.070499615460655,-2.2702675,40,0.8485610485076904,36464973.4677691,8754.125
18.02997278458973,-33.070480460122894,-1.6725008,40,0.7561467885971069,36464975.60292955,8754.127
18.029972723469314,-33.070480469027366,-2.0571675,40,0.636314332485199,36464975.602944806,8754.137
18.029971162057844,-33.0704677058192,-1.8976644,40,0.7676934599876404,36464977.02535577,8754.1455
18.02996300581956,-33.07040396257512,-3.3172138,40,0.5880346894264221,36464984.13745039,8754.244
18.029886302087466,-33.06977439714269,-3.8832023,40,0.6290408372879028,36465054.330538824,8754.706
18.029883323910063,-33.069749019515996,-3.932662,40,0.6414572596549988,36465057.158832625,8754.714
18.02981475801432,-33.069115466181,-2.9753916,40,0.5549585223197937,36465127.72186606,8754.358
18.02980416938635,-33.06901418823782,-4.54558,40,0.6885166764259338,36465138.99681179,8754.288
18.029791128788624,-33.068881123936606,-2.031267,40,0.6329392790794373,36465153.80588652,8754.06
18.029782266361515,-33.068792422951006,-1.7758694,40,0.7837955355644226,36465163.67933279,8753.939
18.02977840141189,-33.0687544110538,-2.1432834,40,0.6499866247177124,36465167.90986067,8753.9
18.02975929799399,-33.06856423584591,-2.7707596,40,0.6544057130813599,36465189.077629864,8753.667
18.029757544888838,-33.06854518679673,-1.838793,40,0.8629816770553589,36465191.19591838,8753.617
18.029753717212515,-33.06850712915246,-1.9833752,40,0.897753119468689,36465195.43147117,8753.571
18.029753637080614,-33.06850714083295,-2.4877434,40,0.9519692063331604,36465195.43044883,8753.585
18.02974864827422,-33.06845636976071,-1.9196898,40,0.5447131991386414,36465201.08088714,8753.503
18.029740525977882,-33.06837394767111,-2.0052505,40,0.897753119468689,36465210.25467873,8753.385
18.029740527958676,-33.068373947382355,-1.9927821,40,0.897753119468689,36465210.25467873,8753.385
18.02974049655629,-33.06837395195995,-2.190439,40,0.8895075917243958,36465210.25364018,8753.391
18.02973075885772,-33.06827859566826,-1.8633513,40,0.9584937691688538,36465220.867760666,8753.28
18.029728085210373,-33.06825317041661,-2.2096446,40,0.858819842338562,36465223.70075789,8753.264
18.029724202215547,-33.06821500691184,-1.8855717,40,0.9541544318199158,36465227.94869247,8753.216
18.029723428581985,-33.06820866402913,-2.622778,40,0.7484387159347534,36465228.656172425,8753.2295
18.029693665635676,-33.06792231321229,-2.5587606,40,0.7011052370071411,36465260.5357225,8752.959
18.029689746439026,-33.067884102014105,-2.0284564,40,0.7705146074295044,36465264.791537106,8752.912
18.029689731603174,-33.0678841041769,-2.1218433,40,0.7611644864082336,36465264.79153782,8752.914
18.029689019031245,-33.06787774322318,-2.4021165,40,0.7590078115463257,36465265.50002748,8752.917
18.029642523037467,-33.06743828720186,-2.04367,40,0.5037362575531006,36465314.43385818,8752.574
18.02963830842161,-33.06740008970705,-2.858219,40,0.538619339466095,36465318.68775871,8752.571
18.029631478139788,-33.06733639782757,-2.9257925,40,0.8717284202575684,36465325.7822954,8752.531
18.029630127008723,-33.067323659230084,-2.8369534,40,0.9434177279472351,36465327.201289825,8752.521
18.02961919609264,-33.06722175665269,-2.7797682,40,0.513647198677063,36465338.54796284,8752.456
18.029617828216875,-33.06720901893806,-2.7695076,40,0.5185580253601074,36465339.966940574,8752.448
18.029615734473165,-33.06718991986508,-3.0134726,40,0.5891259908676147,36465342.09625969,8752.443
18.029610957028254,-33.06714533998283,-2.8821042,40,0.5273332595825195,36465347.059565105,8752.413
18.02950131655199,-33.06613401293925,-2.7762558,40,0.5226690769195557,36465459.69699537,8751.88
18.0294935947185,-33.06606399519717,-3.0320914,40,0.589712381362915,36465467.49782771,8751.858
18.029480205864616,-33.065943025700165,-3.5492373,40,0.5776519775390625,36465480.97204703,8751.827
18.02947754627784,-33.065917527493916,-2.6131432,40,0.5142855048179626,36465483.812066995,8751.792
18.029461220487427,-33.06577106710174,-3.3495243,40,0.5561135411262512,36465500.12708875,8751.766
18.029459603068513,-33.06575832941247,-4.6924596,40,0.6298227906227112,36465501.54940885,8751.798
18.02945744248852,-33.06573918354828,-5.027357,40,0.6163075566291809,36465503.68190616,8751.8
18.029453200003445,-33.065700877903545,-5.1710653,40,0.6538140773773193,36465507.94898051,8751.789
18.029444275570086,-33.06561783646351,-3.6506925,40,0.8340879678726196,36465517.196636856,8751.721
18.02944360318707,-33.065611446157995,-3.435689,40,0.8713526725769043,36465517.90814561,8751.713
18.029436688318846,-33.06554757216248,-2.4207344,40,0.5254154801368713,36465525.02377664,8751.666
18.02943100507663,-33.065496493018514,-2.4616826,40,0.8918676972389221,36465530.71277296,8751.653
18.0294190092454,-33.065387947149404,-1.7344764,40,0.6126248836517334,36465542.80600226,8751.609
18.029418226891092,-33.06538157371159,-2.1613948,40,0.8342962265014648,36465543.51647425,8751.619
18.02940984106426,-33.06531144095174,-5.3703656,40,0.5730072855949402,36465551.33277798,8751.694
18.029404864598522,-33.0652667647526,-5.047827,40,0.5679788589477539,36465556.30922508,8751.679
18.029402703495897,-33.06524762358548,-5.0640826,40,0.5705174207687378,36465558.44169617,8751.677
18.029396041450298,-33.06518375130068,-1.6057556,40,0.7040373682975769,36465565.55526288,8751.578
18.02937333439802,-33.06498615487604,-2.8023572,40,0.5385019779205322,36465587.57426272,8751.608
18.0293365170841,-33.064667929596766,-2.852363,40,0.5961561799049377,36465623.037579566,8751.658
18.029326346751628,-33.06457865146404,-2.512556,40,0.5851233601570129,36465632.985245734,8751.652
18.029324168262463,-33.06455963143549,-1.9593068,40,0.5370531678199768,36465635.104141265,8751.646
18.029318156824637,-33.06450895565994,-1.7131388,40,0.5211265683174133,36465640.75250819,8751.665
18.029298009929715,-33.0643444225514,-4.433875,40,0.8430896401405334,36465659.09739749,8751.826
18.02929089073851,-33.0642810749794,-1.4647784,40,0.5413464307785034,36465666.15755965,8751.781
18.029289656758476,-33.06427481576375,-4.4541774,40,0.6486709117889404,36465666.85870816,8751.865
18.029286059456744,-33.06424314856523,-3.2098627,40,0.6428910493850708,36465670.387146726,8751.849
18.029280006997958,-33.064192524586446,-3.1028917,40,0.6025791764259338,36465676.03042008,8751.873
18.029277732678416,-33.06417354169733,-3.099877,40,0.6025792956352234,36465678.14626862,8751.884
18.029263596470766,-33.06405326830921,-1.5446633,40,0.6753880977630615,36465691.552835755,8751.903
18.029255081644813,-33.063983665401494,-2.8878396,40,0.5969067811965942,36465699.31208544,8751.974
18.029254994598638,-33.06398367809433,-3.4358506,40,0.7940894961357117,36465699.31107264,8751.988
18.02919735604085,-33.06348894026495,-1.8294097,40,0.7517053484916687,36465754.45009579,8752.08
18.029195172407746,-33.06346986817348,-1.8326591,40,0.7624433636665344,36465756.57536568,8752.081
18.029192997264744,-33.06345079096794,-1.8052309,40,0.770343005657196,36465758.70063461,8752.081
18.029177832207697,-33.06331714745123,-1.8891178,40,0.807404637336731,36465773.591679566,8752.074
18.02916569776235,-33.063208821124825,-1.882834,40,0.8164107203483582,36465785.66157512,8752.054
18.02914840485536,-33.06304879863292,-1.9275494,40,0.5596359372138977,36465803.483340554,8751.964
18.029142195146957,-33.062991153353146,-2.1446016,40,0.8047335743904114,36465809.90283304,8751.933
18.02912164141884,-33.0627988877363,-2.7658052,40,0.631253182888031,36465831.3135078,8751.812
18.02911907488837,-33.06277322462958,-1.8247869,40,0.5696213245391846,36465834.16999317,8751.767
18.029116384425453,-33.062747577125016,-1.673559,40,0.5696213245391846,36465837.02544952,8751.743
18.02911635690976,-33.062747581136875,-1.8467938,40,0.5921320915222168,36465837.025458105,8751.748
18.02907962280475,-33.062401559564705,-2.6801062,40,0.6473000645637512,36465875.55660965,8751.503
18.029079052254108,-33.06239514140225,-1.9967687,40,0.9003575444221497,36465876.271204494,8751.4795
18.029077029292534,-33.06237593248874,-1.9020422,40,0.894419252872467,36465878.40985825,8751.463
18.02907428750402,-33.06235033340458,-2.04622,40,0.9125665426254272,36465881.26209354,8751.448
18.029074127692486,-33.062350356702915,-3.0523996,40,0.6805212497711182,36465881.26105092,8751.476
18.029073529050194,-33.06234394442511,-2.5399199,40,0.897571325302124,36465881.973593794,8751.457
18.02906949126964,-33.06230554216467,-2.2511675,40,0.9215933680534363,36465886.249876104,8751.422
18.02906955645737,-33.06230553266142,-1.8407423,40,0.6209821105003357,36465886.249869905,8751.41
18.029068037326475,-33.06229276017869,-2.828045,40,0.8801789283752441,36465887.67391976,8751.428
18.029067397587927,-33.062286356713756,-2.5653415,40,0.8846374154090881,36465888.38645133,8751.416
18.029066680485318,-33.0622799648583,-2.7887018,40,0.5419790148735046,36465889.09795054,8751.418
18.029065436881385,-33.06226715485782,-2.0330372,40,0.6615858674049377,36465890.52404364,8751.389
18.029059149072925,-33.06220962620027,-2.9297242,40,0.6433954834938049,36465896.930611216,8751.374
18.029058587379215,-33.062203215907466,-2.160997,40,0.8495981693267822,36465897.64414748,8751.349
18.02905728529357,-33.062190422486374,-1.7449381,40,0.708401083946228,36465899.06813582,8751.329
18.029054481134196,-33.06216486927726,-2.1573033,40,0.9431982636451721,36465901.91541574,8751.324
18.029053161148234,-33.06215208304058,-1.8384418,40,0.4946787655353546,36465903.33943305,8751.308
18.029051808567175,-33.062139306062505,-1.7218021,40,0.552263081073761,36465904.76136122,8751.296
18.029044117440147,-33.062069082011476,-2.5538635,40,0.9131047129631042,36465912.582482435,8751.276
18.02903950928847,-33.06202414199778,-2.3756838,40,0.900434672832489,36465917.58574877,8751.226
18.029035675817624,-33.06199237987935,-4.3775473,40,0.7001482844352722,36465921.12698393,8751.27
18.029035978544943,-33.06199233627021,-2.4718552,40,0.6149007678031921,36465921.130113095,8751.218
18.029028280083963,-33.061922392871715,-2.1125326,40,0.5466362237930298,36465928.92090517,8751.1875
18.029019766533917,-33.06184616256188,-2.2416825,40,0.8615333437919617,36465937.41168505,8751.173
18.029019074436903,-33.06183980995795,-2.1340096,40,0.8627856969833374,36465938.12002665,8751.168
18.029019057399534,-33.0618398124416,-2.2412825,40,0.8615333437919617,36465938.11898905,8751.171
18.029016143027093,-33.061814427064654,-2.7171254,40,0.8821487426757812,36465940.94823557,8751.179
18.029015392190907,-33.06180808481122,-2.9725366,40,0.7603075504302979,36465941.65615497,8751.184
18.029009027407536,-33.061750964482115,-2.7463233,40,0.908881664276123,36465948.019801594,8751.167
18.02900775826258,-33.061738254109834,-1.76899,40,0.547362208366394,36465949.43438194,8751.139
18.02900490607967,-33.061712882522954,-1.7768718,40,0.5763818025588989,36465952.26045654,8751.135
18.02899772853196,-33.06164948304072,-2.0217798,40,0.9261001944541931,36465959.32409523,8751.133
18.028994156848317,-33.061617791261675,-2.0011477,40,0.9261001944541931,36465962.8561078,8751.129
18.028988452342457,-33.06156709672952,-1.8616501,40,0.567283570766449,36465968.50407395,8751.12
18.028973756930036,-33.06144048858986,-4.0674305,40,0.7056640982627869,36465982.61330477,8751.17
18.0289687899601,-33.06139616777183,-3.6858563,40,0.6365736126899719,36465987.55086104,8751.157
18.02896624294955,-33.061370803249886,-1.6282055,40,0.6659272909164429,36465990.374798454,8751.101
18.028959004009643,-33.0613075258276,-1.9574697,40,0.5104370713233948,36465997.42485682,8751.106
18.02895752152215,-33.061294876575175,-2.240689,40,0.6814742088317871,36465998.83425776,8751.113
18.028946765932844,-33.061199967241286,-2.0881145,40,0.5805075168609619,36466009.41008991,8751.105
18.028946644538472,-33.06119998494143,-2.8524642,40,0.5024601221084595,36466009.409065664,8751.126
18.028923742011393,-33.060997519857125,-2.4823377,40,0.6582713723182678,36466031.96726576,8751.104
18.028923002306303,-33.06099119575034,-2.6305299,40,0.8071856498718262,36466032.67144076,8751.107
18.028917276440513,-33.060940572909956,-2.633657,40,0.868488609790802,36466038.312103905,8751.103
18.028907284764,-33.060851964916445,-2.5792987,40,0.5985085368156433,36466048.18482098,8751.092
18.02890506942417,-33.06083298719875,-3.058599,40,0.714786946773529,36466050.2994245,8751.102
18.02890012973501,-33.06078866382231,-2.7625477,40,0.9705743193626404,36466055.2369369,8751.088
18.028899493125373,-33.060782321212514,-2.2890768,40,0.8660165071487427,36466055.94316897,8751.074
18.02889876434852,-33.060775991901316,-2.3971791,40,0.8660165071487427,36466056.64838347,8751.076
18.02889727323226,-33.06076351196487,-2.294675,40,0.8660165071487427,36466058.03899798,8751.081
18.028894446001132,-33.06073813613899,-2.3218348,40,0.8819312453269958,36466060.866096824,8751.075
18.02888948370459,-33.0606937261256,-2.5032446,40,0.9316403269767761,36466065.81489083,8751.067
18.028888075664955,-33.06068103396516,-2.502729,40,0.9316403269767761,36466067.22843644,8751.064
18.028883114137408,-33.06063661541877,-2.746008,40,0.9705743193626404,36466072.176370114,8751.058
18.028882396374833,-33.06063027073639,-2.8412504,40,0.8845914602279663,36466072.88366744,8751.058
18.02888182704114,-33.06062390429613,-2.0032535,40,0.8657220005989075,36466073.59197089,8751.033
18.02887956604018,-33.0606048821529,-2.975305,40,0.6784973740577698,36466075.71180293,8751.054
18.0288768900442,-33.06057947013299,-2.1547318,40,0.8945269584655762,36466078.540928334,8751.023
18.028875488151535,-33.060566772531615,-2.1525798,40,0.8971701264381409,36466079.955507725,8751.019
18.02886841466212,-33.06050328271266,-2.602674,40,0.9701184034347534,36466087.02940564,8751.009
18.028867010349693,-33.06049058157241,-2.638637,40,0.978344202041626,36466088.44398455,8751.005
18.02886566375219,-33.06047787147017,-2.3149266,40,0.6300690174102783,36466089.85959725,8750.991
18.028853161078544,-33.060363516567634,-1.9786597,40,0.8906296491622925,36466102.59813161,8750.9375
18.028852461891574,-33.06035716284505,-1.9969182,40,0.8906296491622925,36466103.30541618,8750.936
18.028835642005237,-33.06020465019428,-2.90254,40,0.6161935329437256,36466120.292709425,8750.893
18.028835728947996,-33.06020463751323,-2.3550878,40,0.5723862648010254,36466120.292677,8750.878
18.02883083495034,-33.06016014184681,-2.613268,40,0.6161935329437256,36466125.25119835,8750.864
18.028830172264332,-33.06015377968752,-2.4224687,40,0.8629644513130188,36466125.95951611,8750.856
18.028828079713463,-33.06013470848562,-2.5125875,40,0.9459649324417114,36466128.08343321,8750.85
18.028823970236022,-33.060096552630526,-2.2278876,40,0.8018531799316406,36466132.33228737,8750.824
18.028816089949835,-33.06002664367107,-3.9216611,40,0.6473987102508545,36466140.119674265,8750.836
18.02881470848553,-33.06001392513412,-3.9104023,40,0.7108083367347717,36466141.538763404,8750.829
18.028812659598035,-33.05999484293028,-3.7487187,40,0.6507768034934998,36466143.66371751,8750.815
18.028812159339527,-33.059988457857344,-2.546599,40,0.627694308757782,36466144.37306523,8750.779
18.02880455133601,-33.05991850023086,-2.570551,40,0.9190954566001892,36466152.16449785,8750.746
18.028799008982432,-33.05986762020083,-2.6512415,40,0.717674732208252,36466157.83097029,8750.723
18.02876722140183,-33.059575033703055,-2.3373756,40,0.5628315210342407,36466190.419607855,8750.572
18.028764517086568,-33.059549584643214,-1.8857976,40,0.818080484867096,36466193.252773024,8750.548
18.028763070597602,-33.05953687320988,-2.2488437,40,0.9097931981086731,36466194.669377066,8750.553
18.028758974631376,-33.05949870224258,-1.7851405,40,0.6105978488922119,36466198.92015336,8750.522
18.02875608340586,-33.0594731962826,-2.173509,40,0.6173271536827087,36466201.763806,8750.525
18.028752655539083,-33.05944142050938,-1.9481418,40,0.855482816696167,36466205.302141204,8750.505
18.028751240696778,-33.05942871733223,-2.1263986,40,0.7241694331169128,36466206.716640964,8750.504
18.02874853362161,-33.059403292722536,-1.698386,40,0.8446484208106995,36466209.54770662,8750.48
18.02874646373998,-33.05938422925018,-1.6142386,40,0.6720640659332275,36466211.67152597,8750.471
18.028743682321508,-33.05935881557284,-1.6223714,40,0.6613758206367493,36466214.501546875,8750.46
18.02873945171761,-33.05932070514219,-1.9660583,40,0.8550605177879333,36466218.7471142,8750.453
18.02873508834587,-33.05928261069434,-3.094977,40,0.7685378193855286,36466222.9928794,8750.469
18.028733845829944,-33.059269882698196,-2.1264637,40,0.844879150390625,36466224.409447916,8750.4375
18.02873297417082,-33.059263554175786,-3.2160769,40,0.5291987061500549,36466225.115662344,8750.464
18.02873242547357,-33.05925717955321,-2.270675,40,0.8713831901550293,36466225.82393671,8750.437
18.028729633803763,-33.059231765822,-2.2323885,40,0.8397417068481445,36466228.65499378,8750.426
18.028726206764897,-33.05919998935616,-1.7552664,40,0.8783380389213562,36466232.19327045,8750.402
18.028721298517233,-33.0591555161944,-1.711131,40,0.8734570145606995,36466237.14707542,8750.387
18.028720620624,-33.05914915979538,-1.551168,40,0.8412415385246277,36466237.85535026,8750.38
18.028720512644366,-33.059149175546914,-2.2311268,40,0.8503963351249695,36466237.85434318,8750.398
18.02871779373725,-33.059123750558804,-1.6209182,40,0.5207334160804749,36466240.685352094,8750.374
18.02871619671428,-33.05911107134172,-2.800072,40,0.6915798783302307,36466242.10125144,8750.402
18.028714123980542,-33.05909200617285,-2.5225182,40,0.5468349456787109,36466244.22401543,8750.39
18.02870988972905,-33.05905388514647,-2.4727535,40,0.5801420211791992,36466248.47058149,8750.379
18.0287015261503,-33.05897762063811,-1.4931633,40,0.49498704075813293,36466256.964700654,8750.336
18.02869005528384,-33.058875963490735,-1.7135315,40,0.8334758877754211,36466268.29242668,8750.327
18.028689345648406,-33.05886960785138,-1.6615252,40,0.84200519323349,36466268.99966202,8750.325
18.028689399528204,-33.058869599997685,-1.3227588,40,0.6316494345664978,36466269.000696756,8750.316
18.02868578572877,-33.05883783021501,-1.4426099,40,0.5614513754844666,36466272.54000435,8750.316
18.028682851641435,-33.05881241869589,-1.7671269,40,0.5148311853408813,36466275.3710495,8750.324
18.028613393342642,-33.058214608753886,-1.6707766,40,0.9032518267631531,36466341.99618193,8750.442
18.028611831393114,-33.05820188209525,-1.8520167,40,0.9100888967514038,36466343.41484853,8750.455
18.028606509949007,-33.05815731091687,-1.4973345,40,0.9653407335281372,36466348.38332149,8750.473
18.02859239775803,-33.05804271734905,-2.8100784,40,0.6269690990447998,36466361.16194614,8750.586
18.028590814052347,-33.05802998235836,-3.015853,40,0.6513929963111877,36466362.581678025,8750.601
18.02859010402041,-33.05802360314894,-2.6014729,40,0.9576990008354187,36466363.29206359,8750.594
18.028587656705994,-33.05800450796066,-3.3433063,40,0.6513929963111877,36466365.422198884,8750.628
18.028586053598648,-33.05799177377903,-3.6511393,40,0.6324429512023926,36466366.84194719,8750.6455
18.02858483469863,-33.05797898274687,-1.5336692,40,0.7311360836029053,36466368.265819184,8750.598
18.028568309637492,-33.057845165716316,-2.42064,40,0.6189394593238831,36466383.188050725,8750.727
18.02856593442462,-33.05782604604613,-2.5973563,40,0.6136928796768188,36466385.32029722,8750.747
18.02855724755052,-33.05775591324534,-3.0299466,40,0.6869228482246399,36466393.140008904,8750.816
18.02855737102659,-33.057755895752386,-2.2527816,40,0.9021657705307007,36466393.14102266,8750.795
18.028552607762276,-33.05771763533937,-2.608924,40,0.9595253467559814,36466397.407705285,8750.836
18.028546364961592,-33.05766659522296,-2.3742223,40,0.8991914391517639,36466403.0996869,8750.873
18.028545625085403,-33.05766020897861,-2.08836,40,0.8991914391517639,36466403.811138906,8750.87
18.028529207747646,-33.05752618027015,-1.6021767,40,0.6043255925178528,36466418.75499705,8750.97
18.028526044484796,-33.05750064757962,-1.7422433,40,0.6486469507217407,36466421.60299473,8750.995
18.028525051240628,-33.05749429358219,-3.0529025,40,0.6939767599105835,36466422.31342106,8751.036
18.02852533998312,-33.057494251982455,-1.2351018,40,0.5077112317085266,36466422.31549912,8750.986
18.028521408716582,-33.05746232934459,-1.2772574,40,0.6976774334907532,36466425.87491088,8751.015
18.02852062145651,-33.057455944448435,-1.2935771,40,0.6976774334907532,36466426.58742242,8751.02
18.028518827793352,-33.05744320520898,-2.707025,40,0.9186800122261047,36466428.009348445,8751.068
18.028516574267837,-33.057424033594515,-2.0811815,40,0.8008342385292053,36466430.14584165,8751.067
18.02851207803911,-33.05738568731295,-0.78140646,40,0.7243377566337585,36466434.419869475,8751.063
18.028510134164513,-33.05737296715079,-3.1556492,40,0.5414220690727234,36466435.840848975,8751.138
18.02850964256318,-33.057366538392706,-1.3208085,40,0.7323271036148071,36466436.555376105,8751.093
18.028508085257613,-33.05735376219015,-1.2668908,40,0.7489679455757141,36466437.97938352,8751.102
18.028506521991567,-33.05734098690089,-1.2550402,40,0.7489020228385925,36466439.40443807,8751.111
18.02850481368543,-33.057328231259596,-2.1590724,40,0.9436461925506592,36466440.82920922,8751.146
18.028502515353875,-33.05730905985686,-1.8611038,40,0.9489434361457825,36466442.96676494,8751.153
18.028501700284323,-33.057302676169776,-2.0722468,40,0.9431759715080261,36466443.67824389,8751.163
18.02850018949534,-33.05728989061137,-1.746042,40,0.9485213160514832,36466445.10328366,8751.164
18.028499404438367,-33.05728350225399,-1.7712163,40,0.9485213160514832,36466445.81580664,8751.17
18.028498709608055,-33.05727710165286,-1.2305924,40,0.7500779628753662,36466446.52832009,8751.16
18.028496462775877,-33.05725791997727,-0.635738,40,0.5668820738792419,36466448.66692044,8751.158
18.02849550975113,-33.057251555646836,-1.7251678,40,0.9449183344841003,36466449.37738682,8751.193
18.028494816007164,-33.0572451539694,-1.1836361,40,0.7975547909736633,36466450.08989979,8751.183
18.028492201270513,-33.05722602370587,-2.924193,40,0.6017820835113525,36466452.225458875,8751.244
18.02849167995236,-33.05721959656123,-1.301996,40,0.7883836627006531,36466452.940019384,8751.205
18.028490222133374,-33.05720680206568,-0.67659897,40,0.6191032528877258,36466454.36505486,8751.197
18.028488474534303,-33.05719404854781,-1.8805506,40,0.9536022543907166,36466455.78913094,8751.239
18.02848765494934,-33.05718766404379,-2.143776,40,0.9446279406547546,36466456.50063588,8751.251
18.028487089578793,-33.057181245340715,-0.8100158,40,0.5154790878295898,36466457.21519162,8751.22
18.028485370933733,-33.05716848708874,-1.843842,40,0.9525041580200195,36466458.63823582,8751.256
18.028483753467494,-33.05715571485661,-2.2480435,40,0.8009929656982422,36466460.06229855,8751.276
18.028482264679788,-33.057142922606175,-1.8472556,40,0.7938252091407776,36466461.489845626,8751.274
18.02847895909907,-33.05711738694415,-3.1329856,40,0.6027976274490356,36466464.338937454,8751.326
18.028473812447,-33.05707260461181,-1.4328465,40,0.8814638257026672,36466469.328738146,8751.31
18.02847141325918,-33.05705343969757,-1.9502044,40,0.799770176410675,36466471.46532338,8751.335
18.028470739060822,-33.05704703357284,-1.3365736,40,0.7884597182273865,36466472.17888444,8751.323
18.028467687888735,-33.05702145899882,-1.1318127,40,0.7902127504348755,36466475.030079775,8751.333
18.028463744857152,-33.05698950778751,-1.7330036,40,0.7842102646827698,36466478.591785364,8751.368
18.028463070293032,-33.05698310211437,-1.1424581,40,0.7815923690795898,36466479.30534165,8751.355
18.028462951767338,-33.056983118880794,-1.8884045,40,0.7842102646827698,36466479.304340295,8751.376
18.028462333113076,-33.056976704572584,-0.94760084,40,0.817953884601593,36466480.01892083,8751.3545
18.028460662565426,-33.0569639394712,-1.8002422,40,0.7374317049980164,36466481.44422136,8751.384
18.028459313757637,-33.05695112713536,-0.6355969,40,0.4591682553291321,36466482.8713768,8751.359
18.02845460452558,-33.05691286659076,-1.1545212,40,0.7415050864219666,36466487.13722901,8751.398
18.028453907058942,-33.05690645616504,-0.75267553,40,0.4005747139453888,36466487.85080533,8751.391
18.02845232491235,-33.05689366321164,-1.1357211,40,0.7057609558105469,36466489.27693991,8751.406
18.028447750493257,-33.056855258890096,-1.2566514,40,0.6235963106155396,36466493.557426974,8751.426
18.02844698167066,-33.0568488593059,-1.3256866,40,0.6235963106155396,36466494.27101855,8751.431
18.028446240319937,-33.05684245577883,-1.2238736,40,0.6428136229515076,36466494.9846044,8751.43
18.028444809644217,-33.05682964136035,-0.7005253,40,0.39589446783065796,36466496.41280417,8751.421
18.028442506706742,-33.056810443210004,-0.9216348,40,0.7193194031715393,36466498.55254702,8751.435
18.028437180115382,-33.0567656444123,-1.2291648,40,0.6823121905326843,36466503.54770028,8751.458
18.028425188020588,-33.056663246200756,-1.2506759,40,0.6904902458190918,36466514.958886735,8751.487
18.028423688178766,-33.05665044846199,-1.3048834,40,0.6830161809921265,36466516.38503324,8751.492
18.028415507114026,-33.05658006771209,-1.3653841,40,0.6904902458190918,36466524.23027934,8751.507
18.02841468230358,-33.05657368196783,-1.8969012,40,0.6921970248222351,36466524.941790715,8751.522
18.028412486865083,-33.05655448744306,-1.7528174,40,0.6333590745925903,36466527.080479756,8751.521
18.028410283148748,-33.056535296205936,-1.6848967,40,0.6169957518577576,36466529.219170704,8751.521
18.028410260678434,-33.05653529948249,-1.8263797,40,0.6299337148666382,36466529.21917452,8751.525
18.028409623741272,-33.05652889093923,-1.1958976,40,0.6917670369148254,36466529.932750836,8751.51
18.02840883431714,-33.0565225024198,-1.526653,40,0.6204687356948853,36466530.64426626,8751.52
18.028404487175177,-33.056484119824276,-1.1158066,40,0.694824755191803,36466534.92059435,8751.512
18.028402313695537,-33.05646493254917,-0.9468111,40,0.7541871666908264,36466537.05823912,8751.508
18.02840139614868,-33.05645856480413,-2.1108522,40,0.6769765019416809,36466537.76980795,8751.54
18.02839905137705,-33.056439405821294,-3.0527554,40,0.7345710396766663,36466539.9054376,8751.565
18.028399334751935,-33.05643936502176,-1.2688619,40,0.5289342999458313,36466539.90741934,8751.518
18.028398366584497,-33.05643300578816,-2.7625816,40,0.7565407156944275,36466540.61797728,8751.559
18.028395730946876,-33.056407393452986,-0.9767543,40,0.7173646092414856,36466543.47105729,8751.51
18.02839566233545,-33.056407403457484,-1.4087592,40,0.7710863351821899,36466543.4710611,8751.521
18.02839032542045,-33.056362699219235,-2.9499805,40,0.741270124912262,36466548.45372259,8751.5625
18.028388405241305,-33.056343492011365,-1.340041,40,0.5325546860694885,36466550.59132969,8751.519
18.028386608949486,-33.056330763199604,-3.5296545,40,0.7345709204673767,36466552.01233112,8751.576
18.028384830400338,-33.05631154322329,-1.0702251,40,0.7174310684204102,36466554.150932424,8751.509
18.028382681613515,-33.056292376825915,-0.963593,40,0.6334228515625,36466556.28544437,8751.504
18.028379807232263,-33.056266827847665,-0.9173893,40,0.7252385020256042,36466559.131461255,8751.499
18.02837618523774,-33.056234904277105,-1.1018541,40,0.6654314398765564,36466562.68992368,8751.5
18.028374036517583,-33.0562157502023,-1.0894848,40,0.6983411312103271,36466564.82443289,8751.496
18.028371614851007,-33.05619663971474,-2.8194504,40,0.5149911642074585,36466566.95480112,8751.54
18.02836693778824,-33.05615192148487,-0.8177402,40,0.7471744418144226,36466571.93422941,8751.477
18.0283637745379,-33.05612644641846,-2.8179736,40,0.7744849324226379,36466574.77406076,8751.524
18.028362412103174,-33.05611368027576,-2.453717,40,0.767143189907074,36466576.1960092,8751.512
18.028360527767404,-33.05609451254906,-0.9241208,40,0.709199845790863,36466578.32939199,8751.465
18.028357678284348,-33.056069007499566,-1.0391933,40,0.6986921429634094,36466581.17225016,8751.461
18.028351014093865,-33.05601168096326,-3.0318608,40,0.5100321173667908,36466587.56013385,8751.496
18.028349954695315,-33.05599888535545,-0.84705967,40,0.6975898146629333,36466588.98203794,8751.433
18.028343346755058,-33.05594159188166,-2.7177105,40,0.5050860047340393,36466595.365760244,8751.462
18.028307665843343,-33.055610779124024,-0.94037515,40,0.7058368921279907,36466632.21017029,8751.25
18.028306306197088,-33.055598106729576,-0.9295586,40,0.7193194031715393,36466633.62060978,8751.242
18.02829537698886,-33.05549678327738,-1.366272,40,0.5126208662986755,36466644.906750925,8751.188
18.028291151728936,-33.055458826577905,-2.4086032,40,0.8320550918579102,36466649.1338966,8751.191
18.028284343324046,-33.055395555732055,-2.7562416,40,0.8540753722190857,36466656.17978359,8751.158
18.028279905759558,-33.05535123167508,-0.98134446,40,0.8258805871009827,36466661.114902355,8751.079
18.028279625026066,-33.05535127209179,-2.7486987,40,0.5568297505378723,36466661.11281819,8751.127
18.02827302577063,-33.05528800572955,-1.9046149,40,0.5629711151123047,36466668.1565556,8751.06
18.028268154605133,-33.05524376539884,-2.9272234,40,0.5160604119300842,36466673.08362717,8751.056
18.02826816779613,-33.05524376347515,-2.8441622,40,0.5384017825126648,36466673.08362336,8751.053
18.028264488869187,-33.055205778033425,-0.6094922,40,0.4487782418727875,36466677.31054539,8750.966
18.028256782550155,-33.055136280031,-2.5778232,40,0.5945873856544495,36466685.0532399,8750.969
18.028256409813594,-33.05512991511859,-0.6932771,40,0.6943517327308655,36466685.75945242,8750.913
18.02825334292012,-33.05510468345673,-3.0752878,40,0.6171999573707581,36466688.57193668,8750.959
18.028246631906743,-33.055041465814924,-2.9971519,40,0.617793619632721,36466695.61135347,8750.912
18.028244991603742,-33.05502244848864,-0.621098,40,0.5845964550971985,36466697.72575624,8750.834
18.028244280354738,-33.05501613231527,-0.8632704,40,0.6214293837547302,36466698.42886789,8750.836
18.028243522900254,-33.05500982283254,-1.3959842,40,0.694556474685669,36466699.1319948,8750.846
18.02824331317637,-33.05500985290286,-2.7162702,40,0.6408747434616089,36466699.13102777,8750.882
18.02823311988231,-33.05491503184122,-3.2878358,40,0.8109211325645447,36466709.691429295,8750.831
18.0282326973767,-33.054908672655195,-1.7024499,40,0.5656886100769043,36466710.39761082,8750.783
18.028230391725447,-33.0548897441826,-3.4783223,40,0.7950152158737183,36466712.50696007,8750.818
18.028217116771955,-33.05476321651254,-1.9153913,40,0.5617815256118774,36466726.5964901,8750.692
18.028214570404746,-33.05473788540932,-0.8681308,40,0.350780189037323,36466729.41612072,8750.647
18.028195185997273,-33.054560687580015,-2.771155,40,0.8278008103370667,36466749.153465934,8750.594
18.02818983258157,-33.0545099923992,-1.9337265,40,0.9639102220535278,36466754.797891326,8750.544
18.028165619320085,-33.05428803810201,-1.8798144,40,0.893878698348999,36466779.51924099,8750.44
18.028164804532796,-33.054281692574406,-2.600193,40,0.6455274820327759,36466780.226527825,8750.457
18.02816418868031,-33.05427532011296,-2.067652,40,0.8663849234580994,36466780.9381415,8750.44
18.028159297587415,-33.0542307825678,-1.9328353,40,0.9582045078277588,36466785.8982325,8750.421
18.028153626154193,-33.05417987603509,-2.172399,40,0.8767526745796204,36466791.56869129,8750.412
18.028147321558155,-33.05412257472797,-1.8116183,40,0.5825678110122681,36466797.951572455,8750.386
18.028138764162325,-33.05404616077464,-2.0260336,40,0.6623175144195557,36466806.464898,8750.374
18.028138035711876,-33.05403979355954,-2.1271641,40,0.7589474320411682,36466807.17526806,8750.375
18.028122089809344,-33.053899653873636,-3.3419158,40,0.7030937075614929,36466822.79024284,8750.386
18.0281163776603,-33.05384866024528,-3.0001063,40,0.8667684197425842,36466828.47006195,8750.372
18.028113005622156,-33.05381675654006,-1.4759486,40,0.6557114720344543,36466832.02289694,8750.329
18.02810548903833,-33.05375305115107,-3.1466603,40,0.8109627366065979,36466839.1224901,8750.372
18.02809966914799,-33.05370205481093,-3.1311076,40,0.6060994267463684,36466844.80687898,8750.372
18.02809393451508,-33.05365103938487,-2.4585986,40,0.5479949712753296,36466850.48981469,8750.356
18.028093073806673,-33.05364468263011,-3.2719862,40,0.6025792956352234,36466851.199167185,8750.379
18.028092296419647,-33.05363831468177,-3.5598023,40,0.6025792956352234,36466851.90850442,8750.388
18.02809123221076,-33.053625506162305,-1.0395813,40,0.5255948305130005,36466853.333321504,8750.32
18.028090115035706,-33.05361918667081,-3.4609275,40,0.5851122140884399,36466854.03961747,8750.386
18.028085725923425,-33.05358093516319,-3.382989,40,0.7910807132720947,36466858.301851206,8750.388
18.02808145864643,-33.05354266527453,-2.4753358,40,0.5751705765724182,36466862.567562945,8750.367
18.02807640953086,-33.05349802975568,-1.786405,40,0.5246524810791016,36466867.5401336,8750.355
18.028074864424415,-33.05348529098932,-2.2197437,40,0.8772724270820618,36466868.96088231,8750.369
18.028071838426527,-33.05345980435688,-2.6624727,40,0.5872529745101929,36466871.80133737,8750.386
18.028071969114386,-33.053459785290556,-1.8394697,40,0.5368590354919434,36466871.80235208,8750.363
18.028065209127416,-33.05340243575217,-2.4384198,40,0.579452633857727,36466878.19364942,8750.391
18.02806227458122,-33.05337693826775,-2.2248204,40,0.9561159014701843,36466881.0365333,8750.391
18.02805858174077,-33.05334507031711,-2.0794842,40,0.9528775811195374,36466884.58734349,8750.395
18.028055607095503,-33.05331958099049,-2.0661726,40,0.9528790712356567,36466887.42778853,8750.4
18.028054114295863,-33.05330683780607,-2.0858319,40,0.9528790712356567,36466888.84853534,8750.404
18.028053363413953,-33.05330046674087,-2.1215625,40,0.9528775811195374,36466889.55891017,8750.407
18.0280496851228,-33.05326860394621,-1.8023808,40,0.7750520706176758,36466893.108686246,8750.407
18.028043671971655,-33.053217643360504,-2.0263534,40,0.8991894721984863,36466898.78859214,8750.429
18.028015173109914,-33.05297577062775,-1.5821109,40,0.832229733467102,36466925.748968564,8750.508
18.027992431020664,-33.05278526646063,-1.5678086,40,0.6097368001937866,36466946.9854407,8750.603
18.02798863281872,-33.052753517738445,-1.5662835,40,0.9177922010421753,36466950.52383849,8750.619
18.027987055623676,-33.05274082658561,-1.9275873,40,0.8331707715988159,36466951.939423054,8750.636
18.02797849925527,-33.05267100613284,-3.1469274,40,0.5096103549003601,36466959.72364184,8750.705
18.027973908757563,-33.052632910652335,-3.3177092,40,0.5096102952957153,36466963.97209876,8750.73
18.027969393346613,-33.05259479938374,-3.0076447,40,0.7104971408843994,36466968.21989291,8750.742
18.027965689483455,-33.05256303007341,-2.3753548,40,0.8296555876731873,36466971.76041692,8750.742
18.0279618021006,-33.052531284091074,-2.8964536,40,0.5411131978034973,36466975.29995149,8750.772
18.027960441781882,-33.05251855654656,-1.8790666,40,0.8381344676017761,36466976.71654885,8750.752
18.027945040470634,-33.05239151775948,-3.043781,40,0.5359626412391663,36466990.88038811,8750.852
18.027944321961908,-33.052385156610676,-2.778603,40,0.7225135564804077,36466991.58974919,8750.848
18.0279389420303,-33.0523406749533,-3.134437,40,0.5444241166114807,36466996.548066944,8750.88
18.02793820084671,-33.05233431626549,-3.014133,40,0.5284431576728821,36466997.25639424,8750.88
18.027931502714544,-33.05227707997145,-2.1138766,40,0.8224012851715088,36467003.637856685,8750.885
18.027928502418135,-33.052251639108924,-1.8680282,40,0.8238463401794434,36467006.473243915,8750.892
18.027914064267684,-33.05213078166923,-1.9603188,40,0.837910532951355,36467019.944093905,8750.953
18.02790943097029,-33.05209260887973,-2.485043,40,0.8329527378082275,36467024.201500684,8750.985
18.02789186734054,-33.05194617300834,-3.417035,40,0.5479592680931091,36467040.52468112,8751.077
18.027861302497612,-33.05168456507893,-1.6042073,40,0.7786740660667419,36467069.682135604,8751.123
18.02785456897322,-33.05162700943144,-1.7855039,40,0.8621180057525635,36467076.09691241,8751.142
18.02785310345455,-33.05161421295847,-1.6340489,40,0.8527985215187073,36467077.52299216,8751.14
18.027851629661658,-33.051601418085376,-1.5360694,40,0.9480456113815308,36467078.94803717,8751.141
18.02780226085424,-33.05117910639798,-2.7040315,40,0.6146988272666931,36467126.01721325,8751.267
18.027801522055118,-33.05117270657037,-2.6525912,40,0.6146988272666931,36467126.72974195,8751.267
18.027756550040774,-33.050789085534845,-2.4443536,40,0.8916383981704712,36467169.48664705,8751.378
18.027755777303316,-33.05078270132604,-2.564448,40,0.6424770951271057,36467170.19814817,8751.384
18.027752084940715,-33.050750759140946,-2.073789,40,0.8874754905700684,36467173.757708944,8751.383
18.02775130794329,-33.050744377108124,-2.2159958,40,0.8874754905700684,36467174.46921579,8751.389
18.02774765257756,-33.050712438484155,-1.4698068,40,0.63057541847229,36467178.02772466,8751.381
18.027744579234582,-33.050686915811525,-1.7980723,40,0.9642310738563538,36467180.87493551,8751.4
18.027742971050458,-33.05067416538184,-2.4073436,40,0.8996333479881287,36467182.295844406,8751.422
18.02773770532704,-33.05062949513865,-2.2298408,40,0.8765856027603149,36467187.27529368,8751.436
18.027724662500972,-33.050521038705384,-3.9080124,40,0.6621952056884766,36467199.36366925,8751.519
18.027720764634136,-33.050489236060784,-4.116124,40,0.6621952056884766,36467202.91168282,8751.546
18.027719530779738,-33.050476469744,-2.14783,40,0.5138930678367615,36467204.33259151,8751.502
18.02771419667828,-33.050431942077594,-1.6391908,40,0.8052822947502136,36467209.29644654,8751.52
18.02770953238863,-33.050393800270676,-1.7735908,40,0.9104838371276855,36467213.548838355,8751.551
18.027697933250394,-33.05029847934314,-1.7163919,40,0.9598388671875,36467224.177481234,8751.618
18.027697943646302,-33.050298477827056,-1.650932,40,0.9598388671875,36467224.17748028,8751.616
18.02769717632583,-33.05029212430733,-1.6106079,40,0.9598168134689331,36467224.88586575,8751.619
18.027696369220937,-33.05028577684619,-1.8213389,40,0.9627173542976379,36467225.59321171,8751.63
18.027691713325655,-33.05024767295369,-1.9189715,40,0.9576248526573181,36467229.84146601,8751.66
18.02768943836776,-33.05022861462735,-1.6385105,40,0.9513339996337891,36467231.96559435,8751.666
18.027688638989375,-33.05022226847374,-1.8047893,40,0.9407263994216919,36467232.67399508,8751.675
18.027683988463284,-33.050184176078616,-1.897399,40,0.9617296457290649,36467236.92021662,8751.705
18.027668523773677,-33.05005725008581,-2.1798584,40,0.916977047920227,36467251.07299409,8751.8
18.02766548824816,-33.05003186570866,-1.92361,40,0.6437969207763672,36467253.902433254,8751.811
18.027657629817075,-33.04996845427188,-3.0680778,40,0.6935725808143616,36467260.97417483,8751.882
18.027653810980308,-33.04993673818914,-2.9972312,40,0.6904322504997253,36467264.50994739,8751.9
18.027651409348948,-33.049917726763454,-3.6676157,40,0.6211402416229248,36467266.62997112,8751.93
18.027651629196747,-33.04991769470024,-2.2833142,40,0.8931381702423096,36467266.63203105,8751.893
18.027649972997565,-33.049905028785815,-3.084887,40,0.8062376976013184,36467268.04469499,8751.922
18.02764175273274,-33.04983524797636,-2.0156453,40,0.8796892762184143,36467275.822610945,8751.934
18.027636432338994,-33.04979086004891,-2.0064058,40,0.6200228929519653,36467280.77206413,8751.957
18.02756714564963,-33.049201033399044,-2.8210862,40,0.6433831453323364,36467346.51130063,8752.155
18.02756576561454,-33.04918831933744,-2.5907502,40,0.6433831453323364,36467347.92814738,8752.1455
18.02756310936578,-33.049162871298726,-1.4927742,40,0.7398231625556946,36467350.76076848,8752.109
18.027556689863058,-33.049105670378886,-1.891873,40,0.6353193521499634,36467357.13345391,8752.1045
18.02755224408955,-33.04906755722705,-3.25675,40,0.8242194652557373,36467361.38253481,8752.131
18.02754751364881,-33.0490230227584,-2.018079,40,0.6200375556945801,36467366.341476984,8752.083
18.027547341566084,-33.0490230473409,-3.1012557,40,0.6908438801765442,36467366.339409895,8752.112
18.02754328372279,-33.04898487238466,-2.0855935,40,0.5017613768577576,36467370.59095103,8752.072
18.027533545926932,-33.048895826020754,-1.4581534,40,0.6001731753349304,36467380.51059469,8752.026
18.027526520639608,-33.04883222061452,-1.4418693,40,0.6023997664451599,36467387.59474184,8752.005
18.027523611488707,-33.04880679004878,-2.0472887,40,0.7320757508277893,36467390.42841246,8752.013
18.02752288710747,-33.04880043191155,-2.1789465,40,0.7320757508277893,36467391.136831306,8752.015
18.027521464129443,-33.048787712129595,-2.2783244,40,0.7320757508277893,36467392.55366232,8752.013
18.027520086388318,-33.04877498496323,-2.089622,40,0.7575697898864746,36467393.970481895,8752.004
18.027518002025484,-33.048755898643456,-1.9137743,40,0.7622034549713135,36467396.096756004,8751.993
18.027506115637024,-33.04864772798564,-1.1991962,40,0.521268367767334,36467408.14689439,8751.942
18.0275045664582,-33.048635023083676,-2.0398617,40,0.7322851419448853,36467409.5626921,8751.962
18.02750394149293,-33.048628648458774,-1.5155348,40,0.9487811923027039,36467410.27212947,8751.946
18.027502409354703,-33.048615940166904,-2.2391765,40,0.7351566553115845,36467411.68897288,8751.963
18.027492408537814,-33.048526871588464,-2.548285,40,0.6378040313720703,36467421.612914234,8751.952
18.027373547492886,-33.04752829698566,-3.2999,40,0.7007467150688171,36467532.923545204,8752.424
18.027372718880017,-33.04752194224344,-3.4868715,40,0.831616997718811,36467533.63305696,8752.436
18.027371367259597,-33.04750918835841,-1.933991,40,0.5676301717758179,36467535.05304273,8752.407
18.027369602060247,-33.04749649331249,-2.9808524,40,0.6481298804283142,36467536.470020615,8752.449
18.027368207186196,-33.04748374482081,-1.6932702,40,0.7311360836029053,36467537.89001306,8752.429
18.027367020369528,-33.047477441493285,-4.129413,40,0.6291033625602722,36467538.596531235,8752.501
18.02736503184193,-33.04745830398405,-1.537774,40,0.884647786617279,36467540.7289181,8752.452
18.02735938013103,-33.04741378810414,-1.8364948,40,0.9547908306121826,36467545.694369696,8752.509
18.027359347923838,-33.04741379280252,-2.039286,40,0.8873773813247681,36467545.69333019,8752.515
18.027355390609152,-33.047381980544245,-1.7383398,40,0.7312493324279785,36467549.240856074,8752.542
18.02735221635043,-33.04735652879561,-1.5452552,40,0.5596731901168823,36467552.079939745,8752.564
18.027351377155952,-33.047350172794005,-1.7844576,40,0.8702297210693359,36467552.78842058,8752.578
18.02735038694495,-33.047343837688,-2.9736142,40,0.6481298804283142,36467553.4958991,8752.617
18.02734629453389,-33.047312037505165,-3.5149016,40,0.8488703370094299,36467557.04354467,8752.667
18.027340115880552,-33.04726109722634,-2.0648534,40,0.6958325505256653,36467562.72420756,8752.684
18.027333760451352,-33.04721017524546,-1.7526795,40,0.775601863861084,36467568.40348808,8752.731
18.02728443331168,-33.04681519626278,-2.1638758,40,0.5285423994064331,36467612.452020936,8753.134
18.027275563545786,-33.04674501947272,-2.2366478,40,0.5833027958869934,36467620.28040482,8753.216
18.027271005236795,-33.046706742193834,-2.054416,40,0.5697927474975586,36467624.54714077,8753.231
18.027268780694293,-33.046687593765725,-1.6493546,40,0.7756330370903015,36467626.68102997,8753.23
18.027265587151962,-33.04666209311196,-2.5712166,40,0.6677733659744263,36467629.52451866,8753.268
18.027262557114035,-33.04663656530035,-2.4966967,40,0.6934139728546143,36467632.37008255,8753.278
18.027260281553144,-33.04661741800644,-2.481327,40,0.6938589811325073,36467634.50400131,8753.286
18.027257238887024,-33.04659188941808,-2.5443678,40,0.6938589811325073,36467637.34958904,8753.3
18.027251229373203,-33.04654080795247,-2.2812724,40,0.9096018075942993,36467643.04382754,8753.313
18.027179635137294,-33.04592684241433,-2.0578322,40,0.8727167844772339,36467711.46993989,8753.457
18.027175850057912,-33.04589483126209,-2.5296583,40,0.9652283787727356,36467715.03768414,8753.475
18.027169969942886,-33.0458435813642,-2.1658988,40,0.862362265586853,36467720.749380894,8753.474
18.027166197540097,-33.04581156128044,-2.5413308,40,0.9652416110038757,36467724.31814367,8753.489
18.027166158051863,-33.04581156703872,-2.789939,40,0.8691695928573608,36467724.31814701,8753.496
18.027165480753123,-33.04580515136213,-2.3777947,40,0.9558610320091248,36467725.03189451,8753.486
18.02716323717023,-33.04578593462479,-2.4716544,40,0.9670625329017639,36467727.17419989,8753.492
18.02716170519773,-33.04577312829082,-2.7601333,40,0.8691695928573608,36467728.60067207,8753.502
18.02715871600355,-33.045747504168496,-2.8601928,40,0.507477343082428,36467731.456740685,8753.51
18.027153576300492,-33.045702647724255,-2.4383972,40,0.9452541470527649,36467736.45511276,8753.507
18.027151304688473,-33.04568343084245,-2.6800132,40,0.9452541470527649,36467738.596405335,8753.518
18.02714312203397,-33.04561294588382,-2.584845,40,0.8301563858985901,36467746.45242396,8753.529
18.027138758427387,-33.04557448303917,-1.86157,40,0.8238463401794434,36467750.73807946,8753.519
18.027134259919205,-33.04553604030872,-1.9536171,40,0.8404712080955505,36467755.022723585,8753.53
18.02710248191596,-33.045266772709674,-2.151024,40,0.838102400302887,36467785.03600448,8753.632
18.027094041590182,-33.04519621728382,-2.2252378,40,0.516593873500824,36467792.9010362,8753.669
18.027076304425474,-33.045048823922336,-2.6516714,40,0.503494381904602,36467809.332591414,8753.761
18.027076345310142,-33.04504881796291,-2.394279,40,0.8062434196472168,36467809.33362806,8753.754
18.027076315384168,-33.045048822324986,-2.5826795,40,0.8199653029441833,36467809.33258951,8753.759
18.02705455058255,-33.04486970004866,-3.8264222,40,0.5204655528068542,36467829.30381705,8753.897
18.027046075229098,-33.04479942634698,-3.7917361,40,0.507965624332428,36467837.13781859,8753.94
18.027038712388862,-33.044735551502995,-1.6060896,40,0.5195634365081787,36467844.25753747,8753.921
18.026999965858423,-33.04441739614084,-3.2848716,40,0.7603045105934143,36467879.72799721,8754.17
18.026999435340567,-33.044411015001984,-1.7940793,40,0.6052120327949524,36467880.43980354,8754.134
18.026977206591873,-33.04422722308807,-2.0014174,40,0.5958164930343628,36467900.9305977,8754.254
18.026967029951944,-33.04414490310422,-3.5642543,40,0.7759180068969727,36467910.10906825,8754.346
18.026964729699912,-33.044126011986116,-3.740566,40,0.633857011795044,36467912.215077735,8754.361
18.02695941510694,-33.044081944940594,-3.8593788,40,0.7155522108078003,36467917.127377845,8754.39
18.026944981630624,-33.043962454931595,-4.5107307,40,0.6067383885383606,36467930.448691845,8754.472
18.02694423418267,-33.04395616868863,-4.4795365,40,0.6837673783302307,36467931.150004864,8754.475
18.026918297044293,-33.043736268657234,-2.6777751,40,0.870078980922699,36467955.65988264,8754.532
18.02691741033228,-33.04373001023549,-3.562871,40,0.6120689511299133,36467956.359161474,8754.56
18.026915297006443,-33.04371115411003,-2.7816465,40,0.9054491519927979,36467958.459961034,8754.546
18.026915241569732,-33.04371116219362,-3.1306286,40,0.6902154684066772,36467958.45893679,8754.556
18.02688707044892,-33.04347247509558,-2.8311725,40,0.7143245339393616,36467985.06464688,8754.641
18.026873601388107,-33.043359321805404,-3.915346,40,0.5298439860343933,36467997.677126564,8754.706
18.026793793571187,-33.04266957821196,-2.8773565,40,0.9476982355117798,36468074.54339714,8754.8
18.026784988998077,-33.04259300590494,-2.9935985,40,0.9066370129585266,36468083.07707092,8754.809
18.02678210976265,-33.042567455571366,-2.6598275,40,0.9484206438064575,36468085.924156636,8754.801
18.026781334637505,-33.04256107337695,-2.921922,40,0.8836677670478821,36468086.63489148,8754.809
18.026759271997538,-33.04236922468777,-2.8699844,40,0.8414884209632874,36468108.01388377,8754.825
18.026758521001447,-33.04236282394222,-2.948854,40,0.7602683901786804,36468108.72774905,8754.828
18.026732589408127,-33.0421385337436,-2.686291,40,0.8684086799621582,36468133.722012386,8754.858
18.026732660097373,-33.042138523432406,-2.241293,40,0.6419466137886047,36468133.72199331,8754.847
18.02672126502013,-33.042042332265616,-3.3549185,40,0.8282896876335144,36468144.44523189,8754.899
18.026719725201467,-33.04202950602066,-3.6049247,40,0.6947993636131287,36468145.875060536,8754.91
18.026702248159175,-33.04188193275808,-4.559189,40,0.6805764436721802,36468162.323790595,8754.982
18.026700669757492,-33.04186910648195,-4.96931,40,0.6805764436721802,36468163.754676625,8754.998
18.02669193313907,-33.04179204291488,-2.6732373,40,0.5833196043968201,36468172.34097342,8754.966
18.026662779487165,-33.04154827984662,-3.0414793,40,0.5198079347610474,36468199.51372392,8755.097
18.02666278224636,-33.04154827944428,-3.0241098,40,0.5198079347610474,36468199.51372201,8755.097
18.02665580112391,-33.04149063927215,-2.8554637,40,0.8650419116020203,36468205.940849826,8755.133
18.026644833374778,-33.041401021486834,-3.0714574,40,0.575147807598114,36468215.93227582,8755.205
18.02663861893929,-33.04134981915619,-2.7642314,40,0.8611811399459839,36468221.642206766,8755.236
18.026633081423036,-33.04130504220922,-3.074222,40,0.6525691747665405,36468226.63533018,8755.28
18.026626869017665,-33.041253864788885,-2.6484237,40,0.5424084663391113,36468232.34030435,8755.311
18.02661586862652,-33.04116436171951,-2.614735,40,0.5090987682342529,36468242.32201086,8755.384
18.02659305255247,-33.04097912061983,-2.500007,40,0.5401782989501953,36468262.97783512,8755.54
18.026520867991792,-33.04039287543395,-1.7525578,40,0.6236737966537476,36468328.34825458,8756.028
18.026509311576568,-33.040297480186794,-1.7825177,40,0.6565681099891663,36468338.9826559,8756.092
18.026489394152062,-33.04013221569481,-1.6177378,40,0.5756312012672424,36468357.4070082,8756.188
18.026483259035356,-33.04008139128486,-1.7204499,40,0.5708988308906555,36468363.07463014,8756.222
18.026390300657916,-33.039306845645676,-1.7507931,40,0.8178627490997314,36468449.42072582,8756.652
18.026388020495336,-33.03928779904723,-1.6827884,40,0.8193243145942688,36468451.54398155,8756.661
18.026386467049726,-33.0392751063467,-1.8449123,40,0.7993370890617371,36468452.95845318,8756.673
18.026384151021585,-33.03925606641704,-1.9952009,40,0.864692211151123,36468455.08173084,8756.688
18.02638332440797,-33.03924972628187,-2.3872597,40,0.7187266945838928,36468455.7884655,8756.702
18.026375005250582,-33.039179873682386,-1.7890447,40,0.5420362949371338,36468463.57641897,8756.729
18.02622454587317,-33.03795258770862,-2.628109,40,0.871449887752533,36468600.423066214,8757.715
18.026219876673522,-33.03791436881505,-2.4041383,40,0.5570787191390991,36468604.68365045,8757.741
18.02621038596231,-33.03783800221991,-2.6769686,40,0.8828319907188416,36468613.198674634,8757.817
18.026204924247562,-33.03779337967463,-2.6321092,40,0.8725869655609131,36468618.17453332,8757.852
18.026201053411185,-33.03776150117893,-2.4117184,40,0.7994554042816162,36468621.730512656,8757.871
18.0261979301493,-33.037736003257955,-2.405939,40,0.7994554042816162,36468624.57234613,8757.891
18.026197101886986,-33.037729634493914,-2.7026026,40,0.9631276726722717,36468625.28333274,8757.904
18.026145605710738,-33.037308895546275,-2.51584,40,0.8792874217033386,36468672.19588537,8758.2295
18.02607467237748,-33.0367293357215,-1.8822716,40,0.8961334824562073,36468736.81667139,8758.674
18.026068434144573,-33.03667843463326,-1.8191512,40,0.8978387713432312,36468742.49381298,8758.714
18.026059060858074,-33.03660209812986,-1.8126452,40,0.9484496116638184,36468751.00452298,8758.775
18.026053451618647,-33.03655745570248,-2.7625382,40,0.7852668762207031,36468755.98304623,8758.836
18.026041121614384,-33.03645585637391,-1.5838099,40,0.7312493324279785,36468767.31186563,8758.891
18.02603942220596,-33.03644318110286,-2.430089,40,0.6189364790916443,36468768.72566968,8758.925
18.02603709025223,-33.036424135789936,-2.3317049,40,0.7314082384109497,36468770.849481404,8758.938
18.026036354773805,-33.03641778152292,-2.0357265,40,0.7322300672531128,36468771.55741006,8758.936
18.026035499470805,-33.03641144525259,-2.494053,40,0.9571151733398438,36468772.26432496,8758.954
18.026019852351762,-33.036284503382085,-2.4579754,40,0.7135441303253174,36468786.42062701,8759.0625
18.02601285887899,-33.03622737513768,-2.1378145,40,0.7800049781799316,36468792.790083304,8759.104
18.0260120551375,-33.036221030895426,-2.2698328,40,0.7800049781799316,36468793.49699916,8759.112
18.026010515368878,-33.036208331913805,-2.1070993,40,0.7800049781799316,36468794.912906066,8759.119
18.02586900743112,-33.03505614028726,-2.4855194,40,0.8916383981704712,36468923.389021486,8760.064
18.025841765332263,-33.034832090869955,-2.4850826,40,0.5828348398208618,36468948.36864499,8760.221
18.025836366585747,-33.03478727866344,-2.2387052,40,0.59560227394104,36468953.363577165,8760.245
18.02583102233178,-33.034742463958686,-1.6727854,40,0.7721424698829651,36468958.359569825,8760.26
18.02581204092229,-33.03458897091111,-4.0543613,40,0.5430856943130493,36468975.475821435,8760.426
18.02581203879481,-33.03458897122115,-4.0677466,40,0.5430856943130493,36468975.47582334,8760.426
18.025812033957205,-33.03458897192612,-4.0981846,40,0.5430856943130493,36468975.47478098,8760.427
18.025800629831995,-33.03449303888019,-2.838744,40,0.714392364025116,36468986.1701875,8760.454
18.025798195823494,-33.03447388070845,-3.5625877,40,0.5531107187271118,36468988.30691531,8760.486
18.025798228540562,-33.03447387646009,-3.3570924,40,0.7378252148628235,36468988.30690959,8760.48
18.025792166221166,-33.03442273999533,-2.6126502,40,0.6902690529823303,36468994.006897956,8760.493
18.025788191286374,-33.0343908173859,-3.332822,40,0.6994470953941345,36468997.56607631,8760.533
18.025737463884763,-33.03396983964551,-2.5349917,40,0.548872709274292,36469044.500443965,8760.775
18.025732880595573,-33.03393180806037,-2.5024657,40,0.5209876894950867,36469048.739551574,8760.798
18.025729003435806,-33.03390013084474,-2.838889,40,0.516153872013092,36469052.271653205,8760.827
18.025715224974306,-33.03378612422305,-2.914705,40,0.5185611248016357,36469064.98230785,8760.9
18.02570756744229,-33.03372281180427,-2.9472952,40,0.8740354180335999,36469072.04030031,8760.941
18.025703786617623,-33.03369115250842,-2.6504612,40,0.5148869752883911,36469075.569312036,8760.953
18.02570061913112,-33.033665847596524,-3.3048184,40,0.6234531998634338,36469078.390286386,8760.987
18.025700104554286,-33.033659481475276,-1.7229824,40,0.4912489354610443,36469079.09829992,8760.948
18.02569993624393,-33.033659505482795,-2.7815323,40,0.8819052577018738,36469079.09731954,8760.978
18.025698573981522,-33.03364682320451,-1.7134776,40,0.4912489354610443,36469080.51165495,8760.957
18.02569698142494,-33.03363417268334,-2.091107,40,0.8635916709899902,36469081.922627725,8760.976
18.025694707609777,-33.033615178975744,-1.9289174,40,0.5134097933769226,36469084.03961066,8760.983
18.0256931666489,-33.03360252091278,-1.9768698,40,0.9069792032241821,36469085.450589456,8760.993
18.025690732574397,-33.03358355024462,-2.8151937,40,0.6825780868530273,36469087.56656102,8761.028
18.02562981102531,-33.03308292280271,-2.2453554,40,0.511380672454834,36469143.38491541,8761.378
18.025625878539987,-33.03305117575354,-2.4649715,40,0.5060641765594482,36469146.92454344,8761.41
18.025625601756655,-33.03305121557372,-4.205908,40,0.6474001407623291,36469146.921449244,8761.457
18.02561651684793,-33.03297492788917,-2.3843598,40,0.7865620255470276,36469155.42538077,8761.471
18.025610993121163,-33.03293042519145,-2.6431122,40,0.8609303832054138,36469160.38981859,8761.516
18.025598454069844,-33.03282859714905,-2.4392145,40,0.9220552444458008,36469171.74316237,8761.6
18.025598461200566,-33.03282859662908,-2.3947072,40,0.9220552444458008,36469171.743160464,8761.599
18.025589005482917,-33.032752566159864,-2.5451512,40,0.8595475554466248,36469180.223056644,8761.674
18.025545922704527,-33.03240632706101,-2.5026507,40,0.5703536868095398,36469218.83354465,8762.009
18.025521700445243,-33.03221371612535,-2.850556,40,0.7319082617759705,36469240.31708386,8762.224
18.025518418612876,-33.032188040155965,-3.163711,40,0.5881946682929993,36469243.181224726,8762.261
18.02551194790689,-33.032136682727476,-3.1714995,40,0.5751572251319885,36469248.90851917,8762.318
18.025455385533306,-33.031688020394824,-1.6927488,40,0.7170478105545044,36469298.94947595,8762.804
18.025445668984204,-33.031611327363976,-1.5372614,40,0.5259140133857727,36469307.50514891,8762.893
18.025441578206017,-33.03157940316435,-1.752218,40,0.7068614959716797,36469311.065270446,8762.937
18.025434262427876,-33.03152197040937,-1.8664963,40,0.869771420955658,36469317.47107222,8763.01
18.025383182298594,-33.03112222024493,-2.5226822,40,0.6273173689842224,36469362.06494828,8763.529
18.02538076761128,-33.03110325765032,-2.5319676,40,0.6389344930648804,36469364.17942258,8763.553
18.025346627269712,-33.030831717291214,-1.4856206,40,0.5529989004135132,36469394.46426472,8763.835
18.02532145967079,-33.0306297990062,-1.6529856,40,0.8128877282142639,36469416.9817776,8764.036
18.02531213747697,-33.030554060196906,-1.5722429,40,0.5528958439826965,36469425.42820212,8764.1
18.025296747488255,-33.03042776881492,-1.2297242,40,0.5736304521560669,36469439.50997052,8764.187
18.02529128950389,-33.03038356039099,-1.7683938,40,0.5166130065917969,36469444.43923469,8764.232
18.0252898219787,-33.03037091452651,-1.364386,40,0.6527368426322937,36469445.84863944,8764.2295
18.025274440750348,-33.03024448876815,-2.2157829,40,0.8489859700202942,36469459.944952086,8764.329
18.02527139786414,-33.03021918437137,-2.2733552,40,0.8259598612785339,36469462.764845744,8764.345
18.025254161671878,-33.030073448224066,-1.9396083,40,0.9483016133308411,36469479.00837125,8764.397
18.02524747442152,-33.03001625457294,-2.1582005,40,0.5149021148681641,36469485.38349083,8764.416
18.025243134506287,-33.029978094915904,-1.612455,40,0.8419494032859802,36469489.63582161,8764.408
18.025240894338598,-33.02995901956267,-1.7930511,40,0.9501067996025085,36469491.760957986,8764.416
18.02523499918147,-33.02990812644974,-1.8142765,40,0.9388148188591003,36469497.43216637,8764.425
18.025231334657203,-33.029876304487075,-1.7218713,40,0.6308158040046692,36469500.9800086,8764.428
18.02522808444116,-33.029850887698736,-3.6594558,40,0.6439188718795776,36469503.81458342,8764.483
18.025224680659736,-33.02981901434197,-1.9438269,40,0.7155440449714661,36469507.36376011,8764.441
18.02521221240619,-33.0297107223522,-1.7499062,40,0.8703846335411072,36469519.43300709,8764.45
18.02520921924371,-33.02968523817917,-2.0681057,40,0.8325283527374268,36469522.27278893,8764.462
18.02520843705015,-33.02967887094124,-2.3595917,40,0.8251892328262329,36469522.98221533,8764.471
18.02520633372052,-33.02965973416705,-1.7017683,40,0.8703846335411072,36469525.11361115,8764.455
18.025203296512082,-33.02963424872041,-2.280533,40,0.8273028135299683,36469527.95445578,8764.475
18.025201144391385,-33.029615113863606,-1.9160285,40,0.8589015603065491,36469530.08585589,8764.468
18.02520035009841,-33.02960874615117,-2.2768092,40,0.8273028135299683,36469530.79633848,8764.479
18.025195235286922,-33.029564100825084,-1.976789,40,0.8833973407745361,36469535.770677015,8764.477
18.025194465078222,-33.02955772778435,-2.1786358,40,0.8253961205482483,36469536.48116247,8764.483
18.02519366345443,-33.02955136151996,-2.5787592,40,0.9338386058807373,36469537.19061415,8764.495
18.025180285325757,-33.02943653788533,-2.9327679,40,0.5317325592041016,36469549.98806493,8764.525
18.025180399658407,-33.0294365212256,-2.2137046,40,0.8373910188674927,36469549.98908536,8764.507
18.025178801700388,-33.029423775502856,-2.9264343,40,0.5322540998458862,36469551.41110723,8764.528
18.025178910312555,-33.02942375967671,-2.2433486,40,0.8387876749038696,36469551.41212575,8764.51
18.025178084742816,-33.029417390916315,-2.7649572,40,0.5322540998458862,36469552.12157647,8764.525
18.02516991630842,-33.02934718601183,-2.6476245,40,0.531655490398407,36469559.94775634,8764.539
18.025116940794145,-33.028900178468504,-2.7137196,40,0.9740790724754333,36469609.77307903,8764.728
18.025115330905155,-33.028887441358286,-2.9643443,40,0.5993272066116333,36469611.19303905,8764.745
18.025110605155117,-33.028849214507225,-2.9960837,40,0.6082169413566589,36469615.45501243,8764.779
18.02510983631197,-33.02884284056817,-2.8738928,40,0.619308590888977,36469616.16655838,8764.782
18.025109119188656,-33.02883645955276,-2.423746,40,0.838800311088562,36469616.87704193,8764.775
18.025104352371493,-33.028798237666805,-2.5855684,40,0.9615432620048523,36469621.1409996,8764.815
18.02510280285523,-33.02878549111588,-2.3705,40,0.8387881517410278,36469622.561994955,8764.822
18.025102773617036,-33.028785495375665,-2.5543818,40,0.9615423679351807,36469622.561996624,8764.827
18.02510128110435,-33.02877274089328,-1.9709485,40,0.9034072756767273,36469623.98299043,8764.823
18.02509244263053,-33.0287026785396,-2.5435302,40,0.8530676960945129,36469631.79649703,8764.909
18.025069999486774,-33.02852430759344,-2.4206004,40,0.7635764479637146,36469651.690549545,8765.1045
18.025068382540148,-33.02851156694446,-2.4383276,40,0.7635764479637146,36469653.11161678,8765.119
18.02506518156634,-33.028486080530165,-2.244604,40,0.5447709560394287,36469655.95375507,8765.145
18.025063611677222,-33.028473335154224,-1.947211,40,0.588252604007721,36469657.37586849,8765.152
18.0250611109051,-33.02845423330762,-2.4023745,40,0.5728068351745605,36469659.50861499,8765.1875
18.025055565436276,-33.02840961829566,-1.5866147,40,0.5129762291908264,36469664.48336519,8765.221
18.02505054761253,-33.02837141137928,-2.49152,40,0.6424015760421753,36469668.74557699,8765.293
18.025036789060312,-33.02826307782492,-1.9188247,40,0.5169477462768555,36469680.83079617,8765.417
18.025028664369973,-33.028199345906614,-1.6360741,40,0.5428613424301147,36469687.9394608,8765.493
18.025026966840105,-33.028186608931236,-2.025764,40,0.5169477462768555,36469689.36059575,8765.5205
18.025012176385314,-33.028071882468545,-2.3449414,40,0.5117332935333252,36469702.15932956,8765.684
18.025009636926857,-33.028052769471145,-2.8504705,40,0.5148133635520935,36469704.292097956,8765.724
18.025000744248132,-33.02798262057511,-2.0504017,40,0.8497782349586487,36469712.115798384,8765.797
18.024991861353957,-33.02791245504175,-1.1722353,40,0.5063239932060242,36469719.94335613,8765.868
18.024987757327423,-33.027880566947516,-1.1922731,40,0.4983803927898407,36469723.50046608,8765.912
18.0249322741022,-33.027446456145185,-1.2087818,40,0.502083420753479,36469771.924514964,8766.469
18.02492986572318,-33.02742727152318,-1.1175675,40,0.5835723876953125,36469774.06480427,8766.488
18.024916156739145,-33.0273185761448,-1.1496292,40,0.5251420736312866,36469786.18872583,8766.611
18.024915339368594,-33.027312184330555,-1.2290747,40,0.5285224318504333,36469786.90146625,8766.62
18.024904094450406,-33.02722268105952,-1.193665,40,0.5627407431602478,36469796.883074164,8766.717
18.024893593484094,-33.0271396060541,-1.7043622,40,0.5645101070404053,36469806.149533264,8766.818
18.024879187342453,-33.02702460776121,-1.8319514,40,0.5173608660697937,36469818.9730482,8766.94
18.024845800203654,-33.026756557954094,-1.7796122,40,0.5263727307319641,36469848.86789759,8767.202
18.024785001107688,-33.026266623053445,-1.8714395,40,0.6401333808898926,36469903.50348985,8767.662
18.024777182873503,-33.02620322754672,-1.8292693,40,0.9541966319084167,36469910.57216537,8767.717
18.024775647831675,-33.02619054801778,-1.63932,40,0.9414775967597961,36469911.98632419,8767.723
18.024771724606296,-33.026158867945966,-1.6998105,40,0.86357182264328,36469915.51810157,8767.752
18.024769255420466,-33.02613987916366,-2.456735,40,0.5607296228408813,36469917.63680351,8767.789
18.02476859915322,-33.02613352601472,-1.6599276,40,0.8636294603347778,36469918.34437454,8767.773
18.024763900479737,-33.0260955265512,-1.6586628,40,0.8636294603347778,36469922.58309765,8767.808
18.024720691181578,-33.025747550907234,-1.4957757,40,0.5171023011207581,36469961.388189286,8768.135
18.024679409180106,-33.02541885895442,-1.5004896,40,0.5683712363243103,36469998.04529467,8768.488
18.024662442038032,-33.02528611563487,-2.5502026,40,0.5646483898162842,36470012.85294823,8768.672
18.02466184047257,-33.025279763515115,-1.2920407,40,0.5150936245918274,36470013.560579345,8768.6455
18.024661004176803,-33.02527344439419,-1.5078726,40,0.8050054907798767,36470014.265139624,8768.658
18.024660153312492,-33.0252671277572,-1.8145485,40,0.850658655166626,36470014.96970563,8768.675
18.024658555499304,-33.02525447935215,-1.7724458,40,0.8388783931732178,36470016.38090329,8768.688
18.024654509135413,-33.02522286409884,-1.9774446,40,0.5808042287826538,36470019.909265585,8768.732
18.024652902748624,-33.02521021359907,-1.9756701,40,0.5808123350143433,36470021.31939877,8768.747
18.02464721609926,-33.0251659429959,-2.348197,40,0.5460011959075928,36470026.257527,8768.812
18.02463373546693,-33.025058358735976,-1.7442864,40,0.6941347122192383,36470038.25496829,8768.917
18.02462962198251,-33.02502670389267,-1.6837279,40,0.9372197389602661,36470041.789175436,8768.963
18.024627916539814,-33.02501404811284,-2.0337,40,0.6046746969223022,36470043.20144622,8768.992
18.024626330715442,-33.02500137442664,-1.6310116,40,0.9362346529960632,36470044.614758655,8769.0
18.024625389705896,-33.02499505855329,-2.3602104,40,0.5649788975715637,36470045.320388004,8769.029
18.02462301547114,-33.02497604360912,-1.7253175,40,0.9362346529960632,36470047.4403712,8769.041
18.02458840237495,-33.02470980231941,-1.8812687,40,0.6421343684196472,36470077.14348046,8769.438
18.024584316279803,-33.02467807042585,-1.8004621,40,0.9418101906776428,36470080.68507145,8769.481
18.02458261219067,-33.02466538574497,-2.216576,40,0.5622743368148804,36470082.10055815,8769.51
18.02458097958947,-33.02465268907895,-2.1895492,40,0.5622743368148804,36470083.51709376,8769.527
18.024580202523353,-33.02464633486189,-1.9320848,40,0.7894237637519836,36470084.22588216,8769.529
18.02457690248017,-33.02462094368958,-2.125842,40,0.5622743368148804,36470087.05793439,8769.569
18.024572876790543,-33.02458918641426,-1.7871299,40,0.6836206912994385,36470090.599846944,8769.603
18.024559897242106,-33.02448752253203,-1.6594939,40,0.9367741346359253,36470101.94104839,8769.7295
18.024555878256532,-33.02445573461413,-1.5092666,40,0.7102221250534058,36470105.48613978,8769.765
18.02455093435853,-33.024417595768504,-2.1726182,40,0.5552776455879211,36470109.741152294,8769.828
18.024546926124163,-33.02438579089222,-2.0970879,40,0.5588350296020508,36470113.28841067,8769.863
18.0245437235279,-33.0243603438217,-2.0628827,40,0.5524603128433228,36470116.12582255,8769.891
18.024538184945275,-33.02431578783677,-1.6952567,40,0.9228667616844177,36470121.09675036,8769.929
18.02452861077433,-33.02423939037774,-1.9055836,40,0.9353595972061157,36470129.61628471,8770.012
18.024518282267262,-33.024156584482,-2.3701296,40,0.5138986110687256,36470138.84903179,8770.1
18.024518287172054,-33.02415658376751,-2.3392992,40,0.7377090454101562,36470138.849029884,8770.099
18.02446260831979,-33.0236906370299,-2.120048,40,0.7947189807891846,36470190.79188214,8770.333
18.02443329485264,-33.02342831653308,-1.7810915,40,0.6708950996398926,36470220.016585946,8770.273
18.024430425655282,-33.023402723560245,-1.8313007,40,0.6785014867782593,36470222.867658496,8770.27
18.024421642380613,-33.02332597541239,-3.0098035,40,0.5783711075782776,36470231.41881788,8770.287
18.024420933798485,-33.02331957660328,-2.953866,40,0.5758811831474304,36470232.13184583,8770.284
18.024416749808612,-33.023281177646375,-2.1647131,40,0.5322322845458984,36470236.407900214,8770.257
18.024416042262768,-33.02327477914339,-2.091483,40,0.5322322845458984,36470237.120922446,8770.254
18.02432779569263,-33.0225214698283,-1.5581622,40,0.7043883204460144,36470321.0828082,8770.468
18.0243219465195,-33.022476982502816,-1.6999024,40,0.8234358429908752,36470326.0459587,8770.541
18.024317762173713,-33.02244521431225,-1.705156,40,0.49277162551879883,36470329.590373695,8770.594
18.02430257259223,-33.02233091651244,-1.6895797,40,0.8113367557525635,36470342.346295126,8770.794
18.024295743722163,-33.022280150715794,-1.8168794,40,0.8219892978668213,36470348.01124526,8770.893
18.024295726304306,-33.022280153252076,-1.9263563,40,0.8219892978668213,36470348.01124812,8770.8955
18.02429145972395,-33.022248431458266,-1.9056687,40,0.5363771915435791,36470351.55164767,8770.956
18.02428292161108,-33.02218500722049,-1.7228377,40,0.5656244158744812,36470358.629467495,8771.075
18.02428116806787,-33.02217233038075,-1.9502478,40,0.8338460326194763,36470360.04647269,8771.106
18.024277729413637,-33.02214697070395,-1.9559146,40,0.8338460326194763,36470362.87692811,8771.157
18.02427258412689,-33.02210893444483,-1.8417482,40,0.8338460326194763,36470367.12214925,8771.231
18.024272610751115,-33.02210893056793,-1.6744127,40,0.8239204287528992,36470367.12214544,8771.227
18.02426309239455,-33.022039227705214,-1.9091707,40,0.7794601917266846,36470374.90178373,8771.376
18.02425279397468,-33.02196320203311,-1.5760528,40,0.5094336271286011,36470383.38878583,8771.523
18.024245028993906,-33.02190620263022,-1.6055262,40,0.9367741346359253,36470389.75065469,8771.642
18.024240718247892,-33.021874540420356,-1.6273478,40,0.9355067014694214,36470393.28510236,8771.707
18.02422952263357,-33.021792232768654,-1.7505555,40,0.9285653233528137,36470402.47331444,8771.877
18.024226112931178,-33.02176690860762,-1.6247444,40,0.9253373742103577,36470405.29984776,8771.925
18.024220085860833,-33.02172260000999,-1.8566327,40,0.9304593205451965,36470410.24506537,8772.018
18.024220142034782,-33.021722591829594,-1.5036054,40,0.6454595923423767,36470410.24505297,8772.009
18.024217571376223,-33.0217036026069,-1.5593843,40,0.8253726959228516,36470412.364759125,8772.047
18.02420649628906,-33.0216213144208,-1.6659265,40,0.9294945001602173,36470421.55044297,8772.205
18.02420554729896,-33.0216149986856,-2.3035972,40,0.6826649308204651,36470422.25527481,8772.234
18.024200442047228,-33.02157702276485,-2.4978447,40,0.6135990619659424,36470426.4936922,8772.309
18.024198725465435,-33.02156436918278,-2.6836338,40,0.6135990619659424,36470427.90547208,8772.337
18.024185551903503,-33.021463046968414,-1.1481644,40,0.6024560332298279,36470439.21153205,8772.469
18.024168169147316,-33.021330087318816,-1.234864,40,0.578058660030365,36470454.04496514,8772.677
18.0241547574468,-33.021228791698285,-2.6866336,40,0.5371909737586975,36470465.34872093,8772.868
18.02415268077052,-33.02120974570249,-1.1529477,40,0.5987176895141602,36470467.47063913,8772.841
18.02415170628893,-33.02120343771795,-2.423449,40,0.5078504085540771,36470468.17555418,8772.88
18.024148820261633,-33.0211780573903,-1.186425,40,0.5742544531822205,36470471.00340357,8772.864
18.024142675464514,-33.02112735185817,-1.242264,40,0.5627407431602478,36470476.65607538,8772.898
18.024137270320075,-33.021082982065,-1.6563092,40,0.9180336594581604,36470481.60408247,8772.936
18.024136505658507,-33.02107664257255,-1.682136,40,0.9180336594581604,36470482.31105531,8772.939
18.02413575192038,-33.02107030091506,-1.6421946,40,0.92485111951828,36470483.018028624,8772.942
18.02413338699254,-33.02105129094806,-2.1933632,40,0.8301279544830322,36470485.13791693,8772.967
18.02413270390172,-33.02104493764562,-1.7212088,40,0.9169190526008606,36470485.84488381,8772.958
18.024128118631626,-33.021006893214334,-2.0134873,40,0.8376083374023438,36470490.08571518,8772.984
18.0241280834419,-33.021006898339756,-2.234618,40,0.8301414251327515,36470490.08572281,8772.99
18.024125827852217,-33.020987868722656,-2.1850715,40,0.8447983860969543,36470492.20666588,8772.998
18.02412137652498,-33.02094979746928,-1.7785015,40,0.7575093507766724,36470496.44959343,8773.003
18.024119145184553,-33.02093076140228,-1.6429901,40,0.7577643394470215,36470498.570542224,8773.007
18.024116755650386,-33.02091174899625,-2.5223074,40,0.5938237309455872,36470500.69253093,8773.038
18.024115354984,-33.02089904378463,-1.9088123,40,0.7472707629203796,36470502.10857779,8773.026
18.024113676449183,-33.0208863774654,-3.0483866,40,0.5823318362236023,36470503.521508515,8773.062
18.02411144993892,-33.020867336425816,-2.942208,40,0.5938237309455872,36470505.64350253,8773.065
18.024110072202873,-33.02085462679017,-2.2104461,40,0.8280417919158936,36470507.058499634,8773.051
18.024109267565954,-33.02084828810115,-2.5740778,40,0.5938225984573364,36470507.76549274,8773.0625
18.024093773891476,-33.02071493350731,-1.6666328,40,0.787710428237915,36470522.62875528,8773.078
18.024092861328285,-33.02070860815982,-2.7316809,40,0.6135990619659424,36470523.33470792,8773.109
18.024077427634758,-33.02057515984422,-1.665252,40,0.5126914978027344,36470538.204456516,8773.116
18.024072955571956,-33.02053702401578,-1.7267072,40,0.7820542454719543,36470542.45659378,8773.129
18.024070678109204,-33.02051795983254,-2.0076752,40,0.6244397759437561,36470544.58174661,8773.142
18.02406849537214,-33.0204988818763,-1.6861837,40,0.7861741781234741,36470546.7079387,8773.139
18.024051185865783,-33.020352619421054,-2.4148467,40,0.5846084356307983,36470563.010259934,8773.207
18.024050544722847,-33.020346241304686,-1.7254562,40,0.7861320376396179,36470563.72038204,8773.19
18.024050449311762,-33.02034625520247,-2.32501,40,0.5846084356307983,36470563.7203911,8773.206
18.024050437743977,-33.02034625688746,-2.3977003,40,0.5846084356307983,36470563.719345875,8773.209
18.024049828161278,-33.02033987443821,-1.5083004,40,0.6857452392578125,36470564.43050892,8773.187
18.02404591986367,-33.02030808135673,-2.4337893,40,0.5814223289489746,36470567.97492153,8773.225
18.024044479428607,-33.02029534537734,-2.0167315,40,0.6239571571350098,36470569.39413387,8773.218
18.02403922633634,-33.02025079416886,-1.8120196,40,0.9236219525337219,36470574.3588155,8773.231
18.024039165193955,-33.020250803074966,-2.19623,40,0.565165102481842,36470574.35883457,8773.242
18.02403849451236,-33.02024442530917,-1.6552256,40,0.9169568419456482,36470575.0689481,8773.23
18.02403767818742,-33.02023806950802,-2.027535,40,0.835564136505127,36470575.777016945,8773.243
18.024037738366463,-33.020238060742244,-1.6493776,40,0.9169568419456482,36470575.7780431,8773.233
18.024036871631626,-33.02023171158734,-2.3355012,40,0.565165102481842,36470576.48613102,8773.255
18.02403620919537,-33.02022533246021,-1.7351995,40,0.9169190526008606,36470577.19728596,8773.241
18.024034712640912,-33.02021259857335,-1.6053536,40,0.9169190526008606,36470578.61652119,8773.244
18.024033955454488,-33.020206233024794,-1.5926251,40,0.9180336594581604,36470579.32716629,8773.247
18.02402776256761,-33.02015531744292,-2.237637,40,0.5814223289489746,36470585.00304037,8773.291
18.024027841416945,-33.020155305957616,-1.7421597,40,0.9225634932518005,36470585.00407702,8773.277
18.02402400057804,-33.02012347311556,-1.8631475,40,0.9291452169418335,36470588.5526939,8773.299
18.02402401170049,-33.02012347149545,-1.7932569,40,0.9235671758651733,36470588.552691996,8773.297
18.02402168088794,-33.02010437288205,-1.9940376,40,0.8463090062141418,36470590.68208557,8773.313
18.0240216929261,-33.02010437112857,-1.9183927,40,0.9291452169418335,36470590.68208367,8773.312
18.02402020701262,-33.02009162781241,-1.6094489,40,0.9169190526008606,36470592.10236317,8773.311
18.024019389167776,-33.020085266762244,-1.9207373,40,0.9236219525337219,36470592.8114782,8773.323
18.02401865227491,-33.020078894204985,-1.720507,40,0.9169568419456482,36470593.521618426,8773.321
18.024013696255984,-33.02003442112589,-1.5913308,40,0.92485111951828,36470598.47585446,8773.31
18.02401054646617,-33.020008909570926,-1.288569,40,0.5627407431602478,36470601.32201195,8773.328
18.02400405772477,-33.01995790438841,-1.706821,40,0.6403679847717285,36470607.01156831,8773.3955
18.024001620704443,-33.01993877572698,-1.832772,40,0.7935635447502136,36470609.14517617,8773.421
18.023995950458513,-33.01989413359713,-1.9129072,40,0.8068490624427795,36470614.123639345,8773.477
18.023988674414024,-33.01983672840839,-1.7102938,40,0.633983850479126,36470620.52757837,8773.542
18.023986922078386,-33.01982399014692,-2.4845474,40,0.5339642763137817,36470621.94999923,8773.579
18.023984583977523,-33.01980483859677,-1.79965,40,0.9219085574150085,36470624.084669486,8773.585
18.023959902963803,-33.019613498344384,-1.9380693,40,0.706818699836731,36470645.43131779,8773.854
18.023945084317514,-33.019498700025174,-1.2831421,40,0.5063239932060242,36470658.236947045,8774.007
18.023905827960032,-33.01919920022496,-1.9563518,40,0.5533646941184998,36470691.655230075,8774.49
18.023904211251956,-33.01918645572637,-1.6483533,40,0.6536983847618103,36470693.07676652,8774.502
18.023900850894616,-33.01916098769256,-1.8371149,40,0.5528542995452881,36470695.91780618,8774.547
18.02389834520984,-33.019141887258435,-1.895416,40,0.5533646941184998,36470698.0486007,8774.578
18.02389754638059,-33.019135515416224,-1.6874549,40,0.5384721159934998,36470698.7599006,8774.582
18.02389420414708,-33.01911005207766,-1.7887177,40,0.562444806098938,36470701.60253213,8774.624
18.02389004920564,-33.01907822414511,-1.7939506,40,0.5309833288192749,36470705.153795704,8774.673
18.023889263075446,-33.01907185271664,-1.5163078,40,0.6342575550079346,36470705.86404799,8774.676
18.023888425294622,-33.019065489046845,-1.5645925,40,0.6342575550079346,36470706.57326077,8774.687
18.023885900086064,-33.01904640069679,-1.7907803,40,0.5309754610061646,36470708.704055294,8774.722
18.023866080291526,-33.01889372558789,-1.6939025,40,0.5949835181236267,36470725.737030394,8774.945
18.023864403165703,-33.018881012644364,-1.8916683,40,0.6200650930404663,36470727.155504115,8774.969
18.023862820581034,-33.01886828748169,-1.5035455,40,0.7298997640609741,36470728.57501496,8774.977
18.02384859192788,-33.01875999859294,-1.9544741,40,0.5653685331344604,36470740.658861026,8775.157
18.02384700405729,-33.018747317555885,-1.8653487,40,0.5653685331344604,36470742.073166594,8775.169
18.023841457267277,-33.018702941019484,-1.5641221,40,0.6638357043266296,36470747.02117513,8775.211
18.023827968564646,-33.018595216494525,-1.4486971,40,0.8384172916412354,36470759.03678141,8775.322
18.023827164263235,-33.018588883464915,-1.5321238,40,0.7775270342826843,36470759.74289993,8775.33
18.02382477256362,-33.018569880263534,-1.6627595,40,0.6083559393882751,36470761.86230878,8775.353
18.023822448737786,-33.01855087191733,-1.3909776,40,0.7839886546134949,36470763.98067621,8775.364
18.02381924465692,-33.01852554071477,-1.7225664,40,0.5757959485054016,36470766.80623821,8775.397
18.023816938412313,-33.01850652947635,-1.3874079,40,0.8410378098487854,36470768.92566685,8775.406
18.02380515983823,-33.018411520838086,-1.5731046,40,0.6990200281143188,36470779.52152763,8775.497
18.02380437140353,-33.01840518822617,-1.6236403,40,0.6988304853439331,36470780.22766034,8775.504
18.02380424421045,-33.018405206230454,-2.422374,40,0.6905915141105652,36470780.22661762,8775.525
18.02380360974536,-33.018398851255235,-1.5073869,40,0.5281680226325989,36470780.93379335,8775.506
18.023801978940583,-33.01838619203354,-1.956553,40,0.7184311151504517,36470782.34606771,8775.529
18.02379652227522,-33.01834185227652,-2.0189142,40,0.7184311151504517,36470787.290092275,8775.567
18.02378812833618,-33.018272149248304,-1.1820801,40,0.711005449295044,36470795.05976944,8775.599
18.023783393532348,-33.01823414658954,-1.8028097,40,0.6088522672653198,36470799.299100555,8775.644
18.02377950168133,-33.01820246828318,-2.0321512,40,0.6574597358703613,36470802.83087779,8775.673
18.02377955413265,-33.01820246116332,-1.7029829,40,0.6432578563690186,36470802.831920154,8775.664
18.023777263810583,-33.018183446496025,-1.5802577,40,0.6791327595710754,36470804.95140887,8775.674
18.02377649217384,-33.01817710905826,-1.5942293,40,0.6789676547050476,36470805.6575594,8775.679
18.02377343654748,-33.01815175295823,-1.471623,40,0.6815401315689087,36470808.48425389,8775.692
18.023771197349827,-33.01813272753296,-1.067137,40,0.5024728178977966,36470810.604793556,8775.694
18.023752062745018,-33.01797418525892,-1.1816711,40,0.6693176627159119,36470828.2797095,8775.794
18.023748080403962,-33.017942481324795,-2.2741885,40,0.6959022879600525,36470831.81579368,8775.842
18.023747389133515,-33.01793612454327,-1.8352926,40,0.729138195514679,36470832.52403323,8775.833
18.023745862967747,-33.017923431092804,-1.8625038,40,0.729001522064209,36470833.93846099,8775.841
18.02374372212346,-33.0179043701862,-0.9812664,40,0.6491880416870117,36470836.06215064,8775.827
18.023741436158268,-33.01788532544398,-1.0181609,40,0.7144966125488281,36470838.18484466,8775.839
